Index,Surname,FirstName,Address,City,Country,Email,LoyalityCard
0001,Evans,Linda,Petunia Road 41,Hyacinth Town,United Kingdom,evans.linda23@mail.com,Yes
0002,White,Richard,Cedar Lane 433,Alder Bay,Ireland,white.richard81@mail.com,Yes
0003,Jackson,Barbara,Maple Road 7,Azure City,Ireland,jackson.barbara41@mail.com,No
0004,Martin,Mary,Coral Avenue 639,Birch Town,Ireland,martin.mary86@mail.com,Yes
0005,Garcia,Andrew,Hyacinth Road 859,Elder Town,Ireland,garcia.andrew63@mail.com,No
0006,Hall,Kevin,Hibiscus Avenue 733,Black Bottom,United Kingdom,hall.kevin23@mail.com,Yes
0007,Harris,Paul,Crimson Road 980,Magenta Bottom,United Kingdom,harris.paul27@mail.com,Yes
0008,Miller,Karen,Ruby Avenue 754,Cypress Bottom,Ireland,miller.karen30@mail.com,Yes
0009,Taylor,Andrew,Freesia Lane 766,Maple Town,United Kingdom,taylor.andrew35@mail.com,Yes
0010,Gonzalez,Daniel,Violet Road 143,Gray Town,Ireland,gonzalez.daniel92@mail.com,Yes
0011,Lopez,Karen,Begonia Avenue 340,Fir Bay,United Kingdom,lopez.karen29@mail.com,Yes
0012,Nelson,Kenneth,Hickory Lane 612,Cedar Village,United Kingdom,nelson.kenneth79@mail.com,Yes
0013,Lewis,Kenneth,Jasmine Lane 474,Beige Town,Ireland,lewis.kenneth42@mail.com,Yes
0014,Taylor,Karen,Larch Road 440,Snapdragon Town,United Kingdom,taylor.karen76@mail.com,No
0015,Perez,Andrew,Birch Street 594,Dogwood Town,United Kingdom,perez.andrew33@mail.com,Yes
0016,Phillips,Karen,Orchid Avenue 455,Poplar Town,United Kingdom,phillips.karen32@mail.com,No
0017,Thomas,Ashley,Black Road 617,Hibiscus City,United Kingdom,thomas.ashley79@mail.com,Yes
0018,Lee,Edward,Turquoise Lane 961,Green City,United Kingdom,lee.edward57@mail.com,No
0019,Gonzalez,Paul,Orange Road 554,Peony Bottom,United Kingdom,gonzalez.paul22@mail.com,No
0020,Ramirez,James,Hawthorn Avenue 839,Jasmine Village,Ireland,ramirez.james26@mail.com,Yes
0021,Lewis,Sarah,Daffodil Avenue 464,Maple Village,Ireland,lewis.sarah38@mail.com,No
0022,Johnson,Nancy,Bluebell Street 906,Petunia Village,Ireland,johnson.nancy97@mail.com,No
0023,Martin,Kenneth,Fir Road 483,Cedar Bay,Ireland,martin.kenneth88@mail.com,No
0024,Campbell,Charles,Holly Street 700,Dahlia Town,Ireland,campbell.charles31@mail.com,Yes
0025,Adams,Betty,Cyan Street 323,Ruby Bottom,Ireland,adams.betty73@mail.com,No
0026,Scott,Sandra,Lavender Street 878,Tulip City,Ireland,scott.sandra39@mail.com,No
0027,Baker,Sandra,Oak Street 359,Turquoise Village,United Kingdom,baker.sandra65@mail.com,Yes
0028,Walker,Amanda,Pink Road 200,Beige Village,United Kingdom,walker.amanda72@mail.com,Yes
0029,Clark,John,Bluebell Road 374,Camellia Town,United Kingdom,clark.john13@mail.com,Yes
0030,Scott,Steven,Gray Street 70,Silver City,United Kingdom,scott.steven61@mail.com,Yes
0031,Thompson,Kevin,Pine Lane 552,Cypress Bay,Ireland,thompson.kevin58@mail.com,Yes
0032,Moore,Anthony,Zinnia Avenue 726,Walnut Town,Ireland,moore.anthony56@mail.com,Yes
0033,Harris,John,Iris Avenue 435,Elder City,Ireland,harris.john32@mail.com,Yes
0034,King,Charles,Beige Road 130,Azure Bottom,Ireland,king.charles76@mail.com,Yes
0035,White,Matthew,Aspen Street 322,Teal Bay,Ireland,white.matthew56@mail.com,No
0036,Gonzalez,Ashley,Purple Lane 885,Juniper Village,United Kingdom,gonzalez.ashley71@mail.com,No
0037,Brown,Steven,Hibiscus Avenue 322,Zinnia City,United Kingdom,brown.steven15@mail.com,No
0038,Lopez,Lisa,Cherry Road 512,Gold Village,United Kingdom,lopez.lisa47@mail.com,No
0039,Sanchez,Betty,Turquoise Street 371,Hazel City,Ireland,sanchez.betty64@mail.com,Yes
0040,Davis,Richard,Daffodil Street 631,Hornbeam Village,Ireland,davis.richard14@mail.com,Yes
0041,Jones,Anthony,Holly Lane 860,Pink Village,Ireland,jones.anthony83@mail.com,No
0042,Martinez,Matthew,Yellow Avenue 298,Willow Bay,Ireland,martinez.matthew38@mail.com,No
0043,Moore,Margaret,Marigold Avenue 779,Spruce Bottom,United Kingdom,moore.margaret89@mail.com,No
0044,Lee,James,Lily Avenue 441,Aspen Town,Ireland,lee.james12@mail.com,Yes
0045,Wright,Patricia,White Road 878,Hawthorn Bottom,United Kingdom,wright.patricia99@mail.com,No
0046,Ramirez,Michelle,Oak Street 72,Rose Bay,Ireland,ramirez.michelle21@mail.com,No
0047,Hernandez,John,Camellia Road 366,Coral Bottom,Ireland,hernandez.john23@mail.com,Yes
0048,Hall,Paul,Ash Road 117,Sunflower Village,Ireland,hall.paul20@mail.com,Yes
0049,Hill,Robert,Gardenia Avenue 454,Beech City,United Kingdom,hill.robert40@mail.com,No
0050,Rodriguez,Joshua,Willow Street 854,White City,Ireland,rodriguez.joshua15@mail.com,No
0051,Adams,Joseph,Hawthorn Avenue 456,Jasmine Village,United Kingdom,adams.joseph98@mail.com,No
0052,Martin,Patricia,Lavender Lane 298,Elm Town,United Kingdom,martin.patricia56@mail.com,Yes
0053,Ramirez,Steven,Red Road 404,Aspen Bay,United Kingdom,ramirez.steven59@mail.com,Yes
0054,Lopez,Elizabeth,Azalea Lane 93,Petunia Town,Ireland,lopez.elizabeth75@mail.com,No
0055,Thomas,Susan,Indigo Avenue 549,Ruby Bottom,United Kingdom,thomas.susan55@mail.com,Yes
0056,Ramirez,David,Black Lane 274,Red Bottom,Ireland,ramirez.david40@mail.com,Yes
0057,Moore,Linda,Beige Avenue 839,Dogwood City,Ireland,moore.linda84@mail.com,Yes
0058,Young,Christopher,Ruby Avenue 777,White Bottom,Ireland,young.christopher52@mail.com,Yes
0059,King,Nancy,Petunia Street 807,Lily Town,Ireland,king.nancy65@mail.com,No
0060,Martin,Karen,Elder Street 743,Cedar Bottom,United Kingdom,martin.karen70@mail.com,Yes
0061,Carter,Emily,Violet Street 434,Ash Town,Ireland,carter.emily98@mail.com,No
0062,Garcia,Ashley,Daffodil Lane 525,Snapdragon Town,Ireland,garcia.ashley85@mail.com,Yes
0063,White,Donna,Dogwood Lane 558,Hyacinth Bay,United Kingdom,white.donna54@mail.com,Yes
0064,Wilson,James,Hyacinth Lane 792,Yellow City,United Kingdom,wilson.james83@mail.com,No
0065,Rodriguez,Barbara,Ash Road 915,Lavender Town,Ireland,rodriguez.barbara49@mail.com,Yes
0066,Garcia,Lisa,Orange Road 198,Lavender Village,United Kingdom,garcia.lisa42@mail.com,Yes
0067,Robinson,Daniel,Lily Road 519,Lavender Village,Ireland,robinson.daniel93@mail.com,No
0068,Green,Mark,Tulip Lane 480,Daisy Town,United Kingdom,green.mark45@mail.com,Yes
0069,Thompson,Carol,Red Road 339,Green Bay,United Kingdom,thompson.carol52@mail.com,No
0070,Garcia,Christopher,Hibiscus Lane 675,Purple Town,United Kingdom,garcia.christopher72@mail.com,Yes
0071,Davis,Brian,Marigold Avenue 869,Willow City,Ireland,davis.brian56@mail.com,Yes
0072,Scott,Michael,Lavender Road 314,Beige Village,United Kingdom,scott.michael45@mail.com,No
0073,Turner,Anthony,Alder Avenue 870,Daffodil Bottom,Ireland,turner.anthony91@mail.com,No
0074,Baker,Sarah,Violet Avenue 734,Holly Town,United Kingdom,baker.sarah78@mail.com,No
0075,Martinez,John,Lilac Avenue 617,Crimson Village,United Kingdom,martinez.john69@mail.com,Yes
0076,Rodriguez,Kevin,Fir Road 352,Ash Bottom,Ireland,rodriguez.kevin96@mail.com,Yes
0077,Gonzalez,Linda,Walnut Avenue 542,Turquoise Bottom,United Kingdom,gonzalez.linda16@mail.com,Yes
0078,Turner,Michael,Peony Avenue 116,Iris City,Ireland,turner.michael60@mail.com,Yes
0079,Thomas,George,Daisy Road 464,Hawthorn Bay,United Kingdom,thomas.george15@mail.com,Yes
0080,Sanchez,Donna,Magnolia Avenue 719,Rose Bottom,United Kingdom,sanchez.donna98@mail.com,No
0081,Sanchez,Emily,Willow Lane 929,Cyan Town,Ireland,sanchez.emily59@mail.com,No
0082,Anderson,Robert,Crimson Road 176,Beech Town,United Kingdom,anderson.robert24@mail.com,No
0083,Jackson,Betty,Coral Road 207,Purple Bay,United Kingdom,jackson.betty34@mail.com,Yes
0084,Walker,Matthew,Begonia Lane 240,Petunia Bottom,United Kingdom,walker.matthew35@mail.com,No
0085,White,Lisa,Brown Street 551,Silver Bay,Ireland,white.lisa63@mail.com,No
0086,Garcia,Thomas,Gray Road 556,Rose Town,Ireland,garcia.thomas34@mail.com,Yes
0087,Clark,Mark,Purple Street 736,Beech City,United Kingdom,clark.mark22@mail.com,Yes
0088,Evans,Christopher,Yew Road 245,Green Bay,Ireland,evans.christopher16@mail.com,Yes
0089,Martinez,Andrew,Violet Road 796,Daffodil City,Ireland,martinez.andrew78@mail.com,Yes
0090,Ramirez,Emily,Cyan Lane 761,Maple Bottom,United Kingdom,ramirez.emily37@mail.com,No
0091,Roberts,Elizabeth,Willow Road 314,Sapphire Bay,Ireland,roberts.elizabeth12@mail.com,No
0092,Sanchez,Paul,Lavender Road 378,Rose Bottom,United Kingdom,sanchez.paul52@mail.com,No
0093,Rodriguez,Amanda,Spruce Street 368,Juniper Village,Ireland,rodriguez.amanda24@mail.com,Yes
0094,Hernandez,Lisa,Ruby Lane 759,Primrose Bay,Ireland,hernandez.lisa66@mail.com,No
0095,Rodriguez,Emily,Hyacinth Street 917,Gray Village,United Kingdom,rodriguez.emily29@mail.com,Yes
0096,Lee,Kevin,Azure Avenue 805,Holly Village,United Kingdom,lee.kevin57@mail.com,No
0097,Harris,Margaret,Iris Street 623,Orange Bay,Ireland,harris.margaret54@mail.com,Yes
0098,Thomas,Donna,Aspen Avenue 856,Poppy Village,Ireland,thomas.donna79@mail.com,Yes
0099,Smith,Susan,Cypress Avenue 210,Iris Bottom,Ireland,smith.susan46@mail.com,Yes
0100,Thompson,Robert,Juniper Road 306,Marigold City,Ireland,thompson.robert72@mail.com,Yes
0101,Lopez,Carol,Elm Avenue 173,Green Bottom,United Kingdom,lopez.carol84@mail.com,No
0102,Thompson,Robert,Maroon Street 46,Daffodil Town,United Kingdom,thompson.robert30@mail.com,Yes
0103,Green,Mark,Gray Road 620,Daffodil Bottom,United Kingdom,green.mark51@mail.com,Yes
0104,Carter,Michael,Rowan Lane 617,Maroon City,United Kingdom,carter.michael29@mail.com,No
0105,Campbell,Charles,Teal Lane 642,Pink City,United Kingdom,campbell.charles90@mail.com,Yes
0106,Williams,Jennifer,Daisy Road 498,Silver Bottom,United Kingdom,williams.jennifer91@mail.com,No
0107,Lee,Andrew,White Street 62,Violet City,Ireland,lee.andrew48@mail.com,Yes
0108,Davis,Linda,Turquoise Lane 171,Juniper Bottom,United Kingdom,davis.linda67@mail.com,Yes
0109,Campbell,Patricia,Dahlia Lane 448,Poppy Town,Ireland,campbell.patricia27@mail.com,No
0110,Gonzalez,Brian,Hawthorn Lane 371,Elder Bay,Ireland,gonzalez.brian13@mail.com,Yes
0111,Ramirez,Andrew,Lily Street 831,Gardenia City,United Kingdom,ramirez.andrew79@mail.com,No
0112,Nelson,Elizabeth,Larch Avenue 624,Walnut Village,United Kingdom,nelson.elizabeth20@mail.com,Yes
0113,Davis,William,Coral Road 27,Poppy Village,United Kingdom,davis.william32@mail.com,No
0114,Turner,Linda,Juniper Street 978,Poppy Town,Ireland,turner.linda80@mail.com,Yes
0115,Martin,Stephanie,Begonia Road 388,Hawthorn Bay,United Kingdom,martin.stephanie46@mail.com,No
0116,Allen,Susan,Purple Lane 154,Azure City,United Kingdom,allen.susan26@mail.com,No
0117,Thompson,Mark,Jasmine Street 783,Fir Town,Ireland,thompson.mark90@mail.com,Yes
0118,Martin,Susan,Azalea Street 993,Indigo Bottom,United Kingdom,martin.susan80@mail.com,No
0119,Thomas,Joseph,Dahlia Street 357,Crimson Bay,United Kingdom,thomas.joseph20@mail.com,No
0120,Ramirez,Daniel,Peony Street 122,Teal Bay,Ireland,ramirez.daniel11@mail.com,No
0121,Walker,Jessica,Begonia Lane 138,Green Village,Ireland,walker.jessica94@mail.com,Yes
0122,Young,Karen,Fir Avenue 973,Oak Town,Ireland,young.karen51@mail.com,Yes
0123,Ramirez,Richard,Zinnia Street 978,Aspen Town,Ireland,ramirez.richard95@mail.com,Yes
0124,Lewis,Michael,Sunflower Avenue 792,Camellia Bottom,Ireland,lewis.michael80@mail.com,No
0125,Sanchez,Paul,Yellow Street 465,Lavender Village,United Kingdom,sanchez.paul78@mail.com,Yes
0126,Nelson,Jessica,Azalea Avenue 441,Dogwood City,Ireland,nelson.jessica65@mail.com,No
0127,Brown,Joseph,Hazel Lane 886,Rowan Town,United Kingdom,brown.joseph60@mail.com,No
0128,Thomas,Mark,Blue Street 388,Holly Town,Ireland,thomas.mark87@mail.com,No
0129,Gonzalez,Joseph,Elm Street 766,Marigold Bay,Ireland,gonzalez.joseph70@mail.com,No
0130,Martin,Joseph,Yellow Road 174,Rose Bottom,United Kingdom,martin.joseph37@mail.com,No
0131,Carter,Lisa,Tulip Lane 45,Bronze City,United Kingdom,carter.lisa85@mail.com,No
0132,Hill,Lisa,Spruce Road 717,Teal Village,United Kingdom,hill.lisa47@mail.com,Yes
0133,Wilson,Sarah,Violet Lane 691,Violet Bay,Ireland,wilson.sarah48@mail.com,Yes
0134,Young,Brian,Cyan Avenue 177,Red City,United Kingdom,young.brian63@mail.com,Yes
0135,Phillips,Melissa,Yew Lane 472,Pine Town,United Kingdom,phillips.melissa94@mail.com,Yes
0136,Clark,Kenneth,Marigold Street 429,Zinnia Village,United Kingdom,clark.kenneth44@mail.com,No
0137,Lopez,Robert,Zinnia Avenue 611,Elder Bay,Ireland,lopez.robert61@mail.com,No
0138,Scott,Betty,Turquoise Street 1,Coral Bay,United Kingdom,scott.betty27@mail.com,No
0139,Young,Sarah,Pink Road 496,Lily Village,United Kingdom,young.sarah93@mail.com,No
0140,Martin,Deborah,Magenta Avenue 226,Azure Town,United Kingdom,martin.deborah87@mail.com,No
0141,Thomas,Amanda,Hornbeam Avenue 85,Hornbeam Bottom,Ireland,thomas.amanda92@mail.com,No
0142,Moore,Deborah,Oak Road 357,Pink Town,Ireland,moore.deborah61@mail.com,No
0143,Brown,Andrew,Daffodil Road 50,Fir Bay,United Kingdom,brown.andrew71@mail.com,No
0144,White,Andrew,Orchid Lane 334,Dahlia Town,United Kingdom,white.andrew88@mail.com,No
0145,Roberts,Michael,Orange Street 465,Spruce Town,United Kingdom,roberts.michael79@mail.com,Yes
0146,Perez,Ashley,Gray Street 671,Lilac Village,Ireland,perez.ashley46@mail.com,Yes
0147,Martin,Emily,Bronze Lane 785,Magenta City,United Kingdom,martin.emily50@mail.com,No
0148,Jones,Amanda,Elder Street 551,Hornbeam Village,Ireland,jones.amanda86@mail.com,Yes
0149,White,Joshua,Coral Avenue 168,Pine Village,Ireland,white.joshua61@mail.com,No
0150,Rodriguez,Ashley,Azure Lane 852,Beech Bottom,Ireland,rodriguez.ashley97@mail.com,No
0151,Campbell,Melissa,Dogwood Road 42,Begonia Bottom,United Kingdom,campbell.melissa30@mail.com,No
0152,Williams,Richard,Lilac Road 661,Daisy Bay,United Kingdom,williams.richard65@mail.com,Yes
0153,Garcia,Michelle,Sycamore Street 71,Primrose Town,Ireland,garcia.michelle60@mail.com,No
0154,Evans,Steven,Emerald Street 18,Spruce Bay,Ireland,evans.steven91@mail.com,Yes
0155,Robinson,Karen,Gold Lane 237,Rowan Bay,United Kingdom,robinson.karen31@mail.com,No
0156,Ramirez,Kevin,Tulip Avenue 905,Bronze Town,Ireland,ramirez.kevin79@mail.com,No
0157,Scott,Jessica,Camellia Avenue 902,Birch Village,United Kingdom,scott.jessica24@mail.com,Yes
0158,Green,Jennifer,Beige Lane 826,Black Town,United Kingdom,green.jennifer86@mail.com,No
0159,Green,Charles,Elder Street 210,Teal Bottom,Ireland,green.charles84@mail.com,Yes
0160,Thomas,Steven,Daisy Road 714,Petunia Bottom,United Kingdom,thomas.steven63@mail.com,Yes
0161,Hill,Brian,Hazel Lane 918,Poplar Village,Ireland,hill.brian55@mail.com,No
0162,Carter,Michael,Rose Lane 425,Gardenia Bay,United Kingdom,carter.michael32@mail.com,Yes
0163,Turner,Daniel,Rose Avenue 565,Gray Bay,Ireland,turner.daniel10@mail.com,Yes
0164,Thomas,Jessica,Sunflower Lane 974,Spruce City,Ireland,thomas.jessica21@mail.com,No
0165,Lopez,Michelle,Dogwood Avenue 246,Petunia Town,Ireland,lopez.michelle69@mail.com,Yes
0166,Robinson,Melissa,Gardenia Lane 739,Bluebell Town,United Kingdom,robinson.melissa10@mail.com,Yes
0167,Scott,Paul,Azure Street 40,Hyacinth Bottom,Ireland,scott.paul38@mail.com,Yes
0168,Miller,Karen,Orchid Lane 377,Spruce City,Ireland,miller.karen51@mail.com,Yes
0169,Sanchez,Mary,Teal Road 501,Petunia Town,Ireland,sanchez.mary51@mail.com,No
0170,Anderson,Nancy,Green Street 10,Gray Bay,United Kingdom,anderson.nancy46@mail.com,No
0171,Perez,Steven,Gold Lane 473,Turquoise Bay,Ireland,perez.steven77@mail.com,No
0172,Wilson,Karen,Black Lane 617,Daisy Town,United Kingdom,wilson.karen96@mail.com,No
0173,Evans,Patricia,Bronze Road 15,Orange City,United Kingdom,evans.patricia71@mail.com,No
0174,Campbell,Ashley,Beech Avenue 844,Larch Bay,Ireland,campbell.ashley72@mail.com,Yes
0175,Sanchez,Paul,Freesia Lane 951,Cyan Bottom,Ireland,sanchez.paul53@mail.com,No
0176,Harris,William,Birch Lane 908,Turquoise Village,United Kingdom,harris.william74@mail.com,Yes
0177,Gonzalez,Stephanie,Coral Lane 818,Spruce Bay,Ireland,gonzalez.stephanie59@mail.com,Yes
0178,Davis,Ashley,Lilac Avenue 679,Purple Village,Ireland,davis.ashley34@mail.com,No
0179,Taylor,Sandra,Black Street 165,Orchid Town,United Kingdom,taylor.sandra21@mail.com,No
0180,Nelson,Donna,Primrose Road 652,Magnolia Village,United Kingdom,nelson.donna90@mail.com,Yes
0181,Walker,Carol,Chrysanthemum Avenue 999,Rowan Village,Ireland,walker.carol98@mail.com,Yes
0182,Perez,Joseph,Pine Avenue 887,Coral Town,Ireland,perez.joseph99@mail.com,Yes
0183,White,Jessica,Emerald Street 829,Pink Town,Ireland,white.jessica98@mail.com,No
0184,Wilson,Donna,Magnolia Road 317,Magnolia Bay,Ireland,wilson.donna45@mail.com,Yes
0185,Anderson,Linda,Rose Avenue 132,Coral Town,Ireland,anderson.linda70@mail.com,No
0186,Thomas,Betty,Gold Road 387,Dahlia Bottom,United Kingdom,thomas.betty80@mail.com,No
0187,Martinez,David,Hickory Lane 634,Hickory Town,Ireland,martinez.david52@mail.com,Yes
0188,Carter,Christopher,Brown Avenue 807,Jasmine Bay,Ireland,carter.christopher55@mail.com,Yes
0189,Garcia,Nancy,Willow Road 949,Ash Bottom,Ireland,garcia.nancy63@mail.com,No
0190,Phillips,Amanda,Brown Avenue 448,Azalea Bottom,Ireland,phillips.amanda61@mail.com,Yes
0191,Thomas,Mark,Chrysanthemum Street 277,Hornbeam Bay,United Kingdom,thomas.mark10@mail.com,Yes
0192,Taylor,Michelle,Red Lane 293,Violet Bottom,United Kingdom,taylor.michelle26@mail.com,No
0193,Martinez,David,Dogwood Road 156,Petunia Bay,Ireland,martinez.david16@mail.com,Yes
0194,Lee,Linda,Gardenia Road 922,Peony Village,Ireland,lee.linda73@mail.com,Yes
0195,Martinez,Robert,Red Lane 785,Dogwood Town,United Kingdom,martinez.robert97@mail.com,No
0196,Lopez,Steven,Oak Street 167,Chestnut Village,United Kingdom,lopez.steven72@mail.com,No
0197,Scott,Richard,Azure Avenue 972,Beech Bay,Ireland,scott.richard73@mail.com,Yes
0198,Young,Nancy,Bronze Lane 152,Violet Bay,United Kingdom,young.nancy49@mail.com,Yes
0199,Scott,Patricia,Crimson Road 290,Sapphire Town,United Kingdom,scott.patricia84@mail.com,Yes
0200,Wright,Elizabeth,Chrysanthemum Lane 815,Jasmine Bay,Ireland,wright.elizabeth87@mail.com,Yes
0201,Martin,Lisa,Hazel Lane 790,Cedar Bottom,United Kingdom,martin.lisa50@mail.com,No
0202,Hernandez,Nancy,Maple Lane 968,Lilac Village,Ireland,hernandez.nancy81@mail.com,No
0203,Smith,Nancy,Elder Avenue 251,Beech City,Ireland,smith.nancy22@mail.com,No
0204,Smith,Elizabeth,Begonia Road 608,Hazel Bottom,Ireland,smith.elizabeth35@mail.com,Yes
0205,Garcia,David,Dogwood Lane 723,Brown Bay,United Kingdom,garcia.david27@mail.com,No
0206,Thompson,Mark,Oak Road 69,Orchid Town,Ireland,thompson.mark81@mail.com,Yes
0207,Martin,Joseph,Oak Avenue 197,Orange Town,United Kingdom,martin.joseph96@mail.com,Yes
0208,Martin,Thomas,Hazel Road 470,Sunflower Bay,United Kingdom,martin.thomas77@mail.com,Yes
0209,Gonzalez,Linda,Cypress Avenue 492,Camellia Town,Ireland,gonzalez.linda11@mail.com,Yes
0210,Davis,Nancy,Sunflower Street 202,Larch City,United Kingdom,davis.nancy71@mail.com,Yes
0211,King,George,Sapphire Street 846,Ruby Bottom,United Kingdom,king.george36@mail.com,No
0212,Williams,Mark,Jasmine Street 653,Emerald Bottom,Ireland,williams.mark96@mail.com,Yes
0213,Mitchell,Steven,Lavender Street 43,Pink Village,United Kingdom,mitchell.steven83@mail.com,Yes
0214,Walker,Daniel,Sunflower Avenue 542,Dogwood Bottom,Ireland,walker.daniel41@mail.com,Yes
0215,Nelson,Donald,Birch Lane 987,Indigo Bay,United Kingdom,nelson.donald34@mail.com,No
0216,Garcia,Kevin,Peony Avenue 620,Violet Town,Ireland,garcia.kevin91@mail.com,No
0217,Young,Sandra,Hibiscus Road 715,Gold Village,United Kingdom,young.sandra55@mail.com,No
0218,Lewis,Mary,Poplar Road 210,Hickory Town,Ireland,lewis.mary97@mail.com,No
0219,Harris,Emily,Primrose Avenue 132,Elm Village,United Kingdom,harris.emily31@mail.com,Yes
0220,Green,Christopher,Indigo Street 893,Freesia Bottom,United Kingdom,green.christopher13@mail.com,No
0221,Scott,Margaret,Beech Lane 617,Rowan Town,Ireland,scott.margaret31@mail.com,No
0222,Jackson,Sandra,Beech Avenue 492,Rose Bay,United Kingdom,jackson.sandra73@mail.com,Yes
0223,Harris,Richard,Orchid Avenue 362,Dogwood Bottom,Ireland,harris.richard61@mail.com,No
0224,Garcia,Sandra,Hibiscus Avenue 318,Willow Bay,United Kingdom,garcia.sandra82@mail.com,Yes
0225,Turner,Betty,Juniper Road 691,Silver Bay,United Kingdom,turner.betty17@mail.com,No
0226,Lee,Donna,Ash Lane 661,Ash Village,United Kingdom,lee.donna95@mail.com,Yes
0227,Adams,John,Lavender Lane 386,Holly Town,United Kingdom,adams.john12@mail.com,No
0228,King,Jennifer,Petunia Lane 87,Black Village,United Kingdom,king.jennifer19@mail.com,Yes
0229,Sanchez,Richard,Green Street 655,Fir Town,United Kingdom,sanchez.richard42@mail.com,Yes
0230,Phillips,Karen,Turquoise Avenue 696,Maroon Bottom,United Kingdom,phillips.karen74@mail.com,No
0231,Nelson,David,Willow Street 971,Daisy Village,Ireland,nelson.david15@mail.com,No
0232,Thomas,Melissa,Spruce Lane 341,Azalea Bottom,Ireland,thomas.melissa18@mail.com,Yes
0233,Scott,William,Hickory Road 327,Cherry Town,Ireland,scott.william39@mail.com,Yes
0234,Johnson,Elizabeth,Rowan Lane 728,Maroon Bay,United Kingdom,johnson.elizabeth34@mail.com,No
0235,Hall,Joseph,Hibiscus Avenue 292,Silver Village,Ireland,hall.joseph14@mail.com,Yes
0236,Roberts,Steven,Freesia Avenue 197,Purple Village,Ireland,roberts.steven43@mail.com,Yes
0237,Roberts,Thomas,Daffodil Lane 517,Brown Village,Ireland,roberts.thomas69@mail.com,No
0238,Lewis,Betty,Lilac Road 847,Ash Village,United Kingdom,lewis.betty67@mail.com,No
0239,Clark,George,Teal Street 983,Rose Town,United Kingdom,clark.george79@mail.com,Yes
0240,Campbell,Elizabeth,Gold Street 790,Petunia Town,Ireland,campbell.elizabeth97@mail.com,Yes
0241,Walker,Stephanie,Cherry Street 761,Willow City,United Kingdom,walker.stephanie78@mail.com,Yes
0242,Jones,Emily,Maple Lane 210,Sunflower City,Ireland,jones.emily13@mail.com,No
0243,Williams,Jennifer,Chestnut Lane 305,Beige Bay,United Kingdom,williams.jennifer51@mail.com,Yes
0244,Wright,Elizabeth,Red Street 857,Rose Village,United Kingdom,wright.elizabeth97@mail.com,Yes
0245,Taylor,Richard,Elder Road 562,Sycamore Bay,Ireland,taylor.richard65@mail.com,Yes
0246,Perez,Donald,Maroon Avenue 332,Hyacinth Bottom,Ireland,perez.donald23@mail.com,Yes
0247,Lee,Ashley,Freesia Avenue 742,Elder City,United Kingdom,lee.ashley41@mail.com,Yes
0248,Williams,Melissa,Hickory Lane 8,Freesia Bottom,United Kingdom,williams.melissa20@mail.com,No
0249,Thompson,Donna,Hickory Avenue 381,Beige City,United Kingdom,thompson.donna60@mail.com,Yes
0250,Anderson,William,Hawthorn Road 835,Willow Village,Ireland,anderson.william62@mail.com,Yes
0251,Thomas,Lisa,Fir Lane 955,Dahlia Town,United Kingdom,thomas.lisa56@mail.com,Yes
0252,Taylor,Thomas,Daisy Lane 885,Elder Bottom,United Kingdom,taylor.thomas34@mail.com,Yes
0253,King,Anthony,Daisy Road 359,Orange Bottom,United Kingdom,king.anthony20@mail.com,No
0254,Phillips,Daniel,Brown Street 828,Black Bottom,Ireland,phillips.daniel80@mail.com,Yes
0255,Miller,Sandra,Cedar Lane 323,Pink City,United Kingdom,miller.sandra15@mail.com,Yes
0256,Baker,Joshua,Rose Road 782,Daisy Bottom,Ireland,baker.joshua32@mail.com,No
0257,Hall,Karen,Orange Avenue 186,Hawthorn Bottom,Ireland,hall.karen60@mail.com,No
0258,Garcia,Amanda,Rowan Avenue 875,Cherry City,United Kingdom,garcia.amanda77@mail.com,Yes
0259,Thomas,Sarah,Orchid Street 143,Rose Bay,Ireland,thomas.sarah48@mail.com,Yes
0260,Taylor,John,Birch Avenue 968,Spruce Bay,United Kingdom,taylor.john62@mail.com,No
0261,Smith,Amanda,Ruby Lane 848,Brown City,Ireland,smith.amanda35@mail.com,No
0262,Williams,Richard,Iris Road 194,Walnut City,Ireland,williams.richard11@mail.com,Yes
0263,Lee,Joshua,Chrysanthemum Avenue 280,Beech Bottom,United Kingdom,lee.joshua16@mail.com,No
0264,Mitchell,Paul,Daffodil Street 601,Purple Bottom,Ireland,mitchell.paul40@mail.com,Yes
0265,Williams,Patricia,Zinnia Street 170,Petunia City,Ireland,williams.patricia32@mail.com,No
0266,Hernandez,James,Spruce Road 472,Lilac Town,Ireland,hernandez.james29@mail.com,Yes
0267,Perez,Susan,Red Street 82,Juniper Village,Ireland,perez.susan81@mail.com,Yes
0268,Smith,Steven,Pink Street 756,Tulip Village,Ireland,smith.steven15@mail.com,No
0269,Rodriguez,Matthew,Daffodil Lane 829,Magnolia Bottom,Ireland,rodriguez.matthew41@mail.com,Yes
0270,White,Anthony,Hibiscus Road 42,Azure Bay,Ireland,white.anthony95@mail.com,Yes
0271,Hall,Elizabeth,Cypress Road 161,Daffodil City,Ireland,hall.elizabeth83@mail.com,Yes
0272,Evans,Stephanie,Maroon Road 919,Oak Bay,United Kingdom,evans.stephanie25@mail.com,No
0273,Evans,Robert,Pink Street 482,White Bay,United Kingdom,evans.robert18@mail.com,Yes
0274,Wright,Karen,Gardenia Avenue 791,Orchid Town,United Kingdom,wright.karen19@mail.com,Yes
0275,Hall,Anthony,Magenta Avenue 628,Freesia Bay,Ireland,hall.anthony32@mail.com,Yes
0276,Thompson,Susan,Hyacinth Avenue 118,Bluebell Bay,United Kingdom,thompson.susan14@mail.com,Yes
0277,Evans,Emily,Cherry Lane 810,Rose Town,Ireland,evans.emily85@mail.com,Yes
0278,Thomas,Anthony,Emerald Road 922,Maroon Bottom,United Kingdom,thomas.anthony25@mail.com,No
0279,Garcia,Kenneth,Coral Street 715,Violet City,United Kingdom,garcia.kenneth77@mail.com,No
0280,Allen,Daniel,Black Avenue 994,Lavender Village,Ireland,allen.daniel46@mail.com,No
0281,Sanchez,Deborah,Birch Lane 169,Hornbeam Village,Ireland,sanchez.deborah39@mail.com,Yes
0282,Wilson,Kenneth,Gray Street 644,Marigold Town,Ireland,wilson.kenneth65@mail.com,Yes
0283,White,Charles,Gardenia Avenue 538,Daffodil Town,United Kingdom,white.charles90@mail.com,No
0284,Wilson,Joshua,Marigold Street 903,Coral City,United Kingdom,wilson.joshua66@mail.com,Yes
0285,Perez,Kevin,Cedar Avenue 600,Black Bay,United Kingdom,perez.kevin76@mail.com,Yes
0286,Gonzalez,Michael,Daffodil Road 765,Cyan Town,United Kingdom,gonzalez.michael69@mail.com,Yes
0287,Mitchell,James,Alder Avenue 427,Rowan Town,Ireland,mitchell.james44@mail.com,No
0288,Martin,Mary,Willow Avenue 551,Violet Bottom,United Kingdom,martin.mary49@mail.com,Yes
0289,Smith,Daniel,Ruby Lane 893,Holly City,United Kingdom,smith.daniel79@mail.com,No
0290,Miller,Steven,Zinnia Street 565,Juniper City,United Kingdom,miller.steven79@mail.com,No
0291,Adams,Kenneth,Magenta Road 158,Sycamore Bottom,Ireland,adams.kenneth80@mail.com,Yes
0292,Robinson,Joseph,Alder Lane 1,Daisy Village,United Kingdom,robinson.joseph39@mail.com,No
0293,Carter,Andrew,Fir Road 671,Gray Bottom,Ireland,carter.andrew94@mail.com,Yes
0294,Jackson,George,Gray Avenue 228,Black City,Ireland,jackson.george40@mail.com,No
0295,Hall,Sandra,Hawthorn Street 853,White Bay,Ireland,hall.sandra99@mail.com,No
0296,Taylor,Ashley,Indigo Lane 261,Turquoise Bottom,United Kingdom,taylor.ashley44@mail.com,Yes
0297,Johnson,Joshua,Holly Street 592,Chestnut City,United Kingdom,johnson.joshua27@mail.com,No
0298,Martin,Karen,Alder Road 981,Oak Bay,United Kingdom,martin.karen15@mail.com,Yes
0299,Brown,Daniel,Poppy Lane 257,Juniper Town,Ireland,brown.daniel26@mail.com,Yes
0300,Martinez,Brian,Yew Avenue 283,Maroon Bottom,Ireland,martinez.brian75@mail.com,No
0301,Allen,Mary,Ruby Road 350,Azure Town,United Kingdom,allen.mary56@mail.com,No
0302,Brown,Michelle,Crimson Lane 665,Rowan Bottom,Ireland,brown.michelle75@mail.com,Yes
0303,Lewis,Stephanie,Elder Lane 387,Cedar Village,Ireland,lewis.stephanie86@mail.com,Yes
0304,Turner,Donna,Ash Lane 844,Gold Bay,Ireland,turner.donna66@mail.com,Yes
0305,Lopez,Matthew,Magenta Lane 795,Beige Bay,Ireland,lopez.matthew81@mail.com,No
0306,Clark,Christopher,Lily Avenue 135,Turquoise Bottom,Ireland,clark.christopher70@mail.com,No
0307,Martin,Daniel,Poplar Road 42,Hornbeam Town,Ireland,martin.daniel71@mail.com,No
0308,Martin,Brian,Bronze Lane 610,Camellia City,Ireland,martin.brian76@mail.com,No
0309,Jackson,Joseph,Dogwood Avenue 62,Cyan Village,United Kingdom,jackson.joseph61@mail.com,No
0310,Taylor,Deborah,Chrysanthemum Road 170,Beige Bay,Ireland,taylor.deborah46@mail.com,No
0311,Baker,Sarah,Gardenia Road 442,Turquoise Town,Ireland,baker.sarah66@mail.com,No
0312,Hernandez,Stephanie,Rose Road 814,Gray City,Ireland,hernandez.stephanie29@mail.com,Yes
0313,Perez,Michelle,Yew Lane 966,Crimson Town,United Kingdom,perez.michelle74@mail.com,No
0314,Walker,Thomas,Fir Road 404,Marigold Bottom,Ireland,walker.thomas31@mail.com,Yes
0315,Lewis,Carol,Cypress Avenue 352,Azalea City,Ireland,lewis.carol66@mail.com,No
0316,Harris,Emily,Magnolia Avenue 184,Iris Bay,United Kingdom,harris.emily72@mail.com,No
0317,Hernandez,Paul,Sunflower Avenue 708,Orange Village,United Kingdom,hernandez.paul82@mail.com,Yes
0318,White,Linda,Jasmine Road 173,Hornbeam Bottom,Ireland,white.linda39@mail.com,Yes
0319,Nelson,Amanda,Juniper Lane 266,Zinnia Bay,United Kingdom,nelson.amanda64@mail.com,No
0320,Allen,Anthony,Sunflower Street 731,Peony City,Ireland,allen.anthony15@mail.com,No
0321,King,Lisa,Yellow Road 124,Beige Village,Ireland,king.lisa17@mail.com,Yes
0322,Adams,Mary,Azure Road 383,Blue Bottom,United Kingdom,adams.mary33@mail.com,Yes
0323,Sanchez,Joshua,Chrysanthemum Street 481,Hazel City,United Kingdom,sanchez.joshua12@mail.com,No
0324,Davis,Betty,Pine Street 569,Beige Bay,United Kingdom,davis.betty31@mail.com,No
0325,Campbell,Brian,Gold Road 661,Cherry Town,Ireland,campbell.brian12@mail.com,No
0326,Scott,Michael,Begonia Road 922,Cherry Bottom,United Kingdom,scott.michael20@mail.com,No
0327,Jackson,Michael,Silver Avenue 633,Maple City,United Kingdom,jackson.michael98@mail.com,No
0328,Green,Michelle,Holly Avenue 873,Sycamore Village,United Kingdom,green.michelle45@mail.com,Yes
0329,Hill,Linda,Silver Road 598,Snapdragon City,United Kingdom,hill.linda20@mail.com,No
0330,Taylor,Kenneth,Camellia Street 236,Emerald Village,Ireland,taylor.kenneth22@mail.com,No
0331,Robinson,Stephanie,Freesia Road 741,Emerald Town,Ireland,robinson.stephanie92@mail.com,No
0332,Hernandez,Mark,Elder Lane 443,Juniper Village,United Kingdom,hernandez.mark71@mail.com,No
0333,Young,Sarah,Maroon Lane 553,Dogwood Bay,United Kingdom,young.sarah93@mail.com,Yes
0334,Jackson,Carol,Aspen Street 35,Red Bay,United Kingdom,jackson.carol75@mail.com,No
0335,Harris,Brian,Crimson Street 815,Blue Bay,Ireland,harris.brian27@mail.com,Yes
0336,White,Joseph,Azure Lane 845,Sapphire City,Ireland,white.joseph23@mail.com,Yes
0337,Moore,Jessica,Cedar Road 941,Emerald City,Ireland,moore.jessica55@mail.com,No
0338,Jones,John,Black Road 624,Yew Town,Ireland,jones.john62@mail.com,Yes
0339,Rodriguez,Matthew,Juniper Avenue 924,Poppy Town,Ireland,rodriguez.matthew37@mail.com,No
0340,Turner,Emily,Primrose Street 662,Turquoise Bay,Ireland,turner.emily33@mail.com,Yes
0341,Miller,Linda,Fir Avenue 463,Hornbeam Town,United Kingdom,miller.linda36@mail.com,Yes
0342,Hall,Matthew,Azure Street 175,Red Bottom,Ireland,hall.matthew18@mail.com,No
0343,Garcia,Joshua,Maple Road 668,Alder Village,Ireland,garcia.joshua64@mail.com,Yes
0344,Williams,Kimberly,Maroon Street 354,Orchid Village,United Kingdom,williams.kimberly28@mail.com,Yes
0345,Martinez,Daniel,Juniper Avenue 180,Beige Village,Ireland,martinez.daniel80@mail.com,No
0346,Davis,Barbara,Zinnia Lane 42,Beige Town,Ireland,davis.barbara14@mail.com,No
0347,White,Emily,Begonia Avenue 908,Sycamore Bottom,Ireland,white.emily94@mail.com,Yes
0348,Jones,William,Begonia Lane 729,Sunflower Village,Ireland,jones.william98@mail.com,Yes
0349,Perez,Melissa,White Street 968,Iris Bay,United Kingdom,perez.melissa27@mail.com,No
0350,Allen,William,Crimson Road 564,Bronze Bay,Ireland,allen.william34@mail.com,No
0351,Hernandez,Robert,Lilac Lane 800,Black Bottom,Ireland,hernandez.robert18@mail.com,No
0352,Gonzalez,Daniel,Beech Road 256,Elm Village,United Kingdom,gonzalez.daniel62@mail.com,Yes
0353,Johnson,Deborah,Violet Lane 981,Begonia City,Ireland,johnson.deborah24@mail.com,No
0354,Davis,Stephanie,Tulip Street 494,Purple Bay,United Kingdom,davis.stephanie76@mail.com,Yes
0355,Taylor,Lisa,Freesia Road 989,Azalea Bay,Ireland,taylor.lisa32@mail.com,No
0356,Green,Steven,Lavender Road 44,Hibiscus Town,Ireland,green.steven99@mail.com,No
0357,Mitchell,Paul,Ash Avenue 236,Chestnut Bottom,United Kingdom,mitchell.paul76@mail.com,No
0358,Anderson,Kevin,Lily Avenue 789,Elder Bottom,Ireland,anderson.kevin39@mail.com,No
0359,Scott,Susan,Tulip Avenue 557,Birch Bottom,Ireland,scott.susan84@mail.com,No
0360,Johnson,Anthony,Holly Avenue 910,Primrose Town,United Kingdom,johnson.anthony22@mail.com,No
0361,Hall,Patricia,Iris Road 482,Lavender City,United Kingdom,hall.patricia30@mail.com,No
0362,Clark,Jennifer,Daisy Road 780,Rose Bottom,United Kingdom,clark.jennifer79@mail.com,Yes
0363,Hall,James,Ruby Avenue 904,Lavender Town,United Kingdom,hall.james68@mail.com,No
0364,Carter,Brian,Pine Street 126,Dogwood Town,United Kingdom,carter.brian79@mail.com,No
0365,Nelson,Andrew,Violet Street 248,Cedar Bottom,United Kingdom,nelson.andrew47@mail.com,No
0366,Davis,Betty,Hawthorn Avenue 622,Lilac City,Ireland,davis.betty38@mail.com,Yes
0367,Wilson,Betty,Daisy Road 749,Magenta City,Ireland,wilson.betty97@mail.com,Yes
0368,Taylor,James,Elm Street 574,Gardenia Town,Ireland,taylor.james40@mail.com,No
0369,Garcia,James,Willow Avenue 22,Green Bay,United Kingdom,garcia.james18@mail.com,Yes
0370,Baker,Jessica,Blue Road 34,Freesia Town,Ireland,baker.jessica17@mail.com,Yes
0371,Martin,Lisa,Jasmine Avenue 808,Hyacinth City,Ireland,martin.lisa18@mail.com,No
0372,Martin,Kevin,Chrysanthemum Lane 405,Daisy Town,Ireland,martin.kevin19@mail.com,Yes
0373,Thompson,Jennifer,Dahlia Road 239,Poppy Bottom,Ireland,thompson.jennifer62@mail.com,Yes
0374,Smith,James,Black Lane 83,Green City,Ireland,smith.james38@mail.com,Yes
0375,Gonzalez,Deborah,Zinnia Road 477,Gray Village,United Kingdom,gonzalez.deborah13@mail.com,Yes
0376,Harris,Barbara,Dahlia Avenue 527,Black Town,United Kingdom,harris.barbara49@mail.com,No
0377,Lewis,Edward,Coral Street 614,Crimson Village,United Kingdom,lewis.edward30@mail.com,Yes
0378,Carter,Brian,Cyan Street 709,Tulip Bottom,Ireland,carter.brian88@mail.com,No
0379,Sanchez,Joshua,Sycamore Road 692,Orange Village,Ireland,sanchez.joshua20@mail.com,Yes
0380,Sanchez,Daniel,Chestnut Lane 589,Azalea Village,Ireland,sanchez.daniel99@mail.com,Yes
0381,White,Patricia,Lily Street 113,Freesia City,Ireland,white.patricia81@mail.com,No
0382,Martinez,Sarah,Indigo Lane 2,Violet Bottom,United Kingdom,martinez.sarah23@mail.com,No
0383,Sanchez,Melissa,Iris Lane 198,Yellow Village,United Kingdom,sanchez.melissa50@mail.com,No
0384,Carter,Nancy,Daffodil Road 303,Lilac Bottom,United Kingdom,carter.nancy74@mail.com,Yes
0385,Perez,Brian,Dogwood Lane 733,Orchid Bay,United Kingdom,perez.brian49@mail.com,No
0386,Wilson,Stephanie,Peony Street 594,Cypress Village,Ireland,wilson.stephanie72@mail.com,Yes
0387,Green,Christopher,Gardenia Lane 268,Gray Village,Ireland,green.christopher49@mail.com,No
0388,Smith,Margaret,Pink Road 299,Elm City,United Kingdom,smith.margaret13@mail.com,No
0389,Ramirez,Michael,Aspen Lane 545,Juniper Village,United Kingdom,ramirez.michael37@mail.com,Yes
0390,Hill,Elizabeth,Crimson Lane 863,Hawthorn City,Ireland,hill.elizabeth53@mail.com,No
0391,Thompson,Joseph,Elder Avenue 972,Poplar Town,United Kingdom,thompson.joseph95@mail.com,No
0392,Hall,Mary,Juniper Avenue 394,Spruce Town,United Kingdom,hall.mary78@mail.com,Yes
0393,Smith,Sarah,Rose Street 53,Oak Bay,Ireland,smith.sarah72@mail.com,Yes
0394,Walker,Stephanie,Chestnut Avenue 478,Chrysanthemum Bottom,Ireland,walker.stephanie24@mail.com,No
0395,Rodriguez,Donald,Orange Lane 905,Ruby Bay,United Kingdom,rodriguez.donald57@mail.com,Yes
0396,King,Brian,Peony Road 357,Chrysanthemum Bay,Ireland,king.brian85@mail.com,Yes
0397,Taylor,Barbara,Magnolia Avenue 982,Ash Town,United Kingdom,taylor.barbara61@mail.com,No
0398,Johnson,Edward,Black Lane 585,Lavender City,Ireland,johnson.edward61@mail.com,Yes
0399,Evans,Barbara,Dogwood Road 817,Purple Bay,United Kingdom,evans.barbara95@mail.com,Yes
0400,Roberts,Andrew,Silver Lane 34,Ash Town,Ireland,roberts.andrew54@mail.com,No
0401,Phillips,Mary,Yew Street 681,Emerald Village,Ireland,phillips.mary23@mail.com,Yes
0402,Allen,Daniel,Azure Lane 297,Tulip Village,Ireland,allen.daniel45@mail.com,No
0403,King,Deborah,Hyacinth Street 903,Larch Bottom,United Kingdom,king.deborah80@mail.com,No
0404,Turner,Charles,Blue Avenue 848,Petunia Bottom,Ireland,turner.charles28@mail.com,No
0405,Thomas,Linda,Daisy Avenue 42,Elm City,United Kingdom,thomas.linda50@mail.com,Yes
0406,Baker,Kenneth,Indigo Lane 843,Indigo Town,United Kingdom,baker.kenneth99@mail.com,No
0407,Brown,Joshua,Bluebell Street 960,Ruby Bay,Ireland,brown.joshua79@mail.com,Yes
0408,Davis,Patricia,Brown Avenue 360,Alder Bottom,United Kingdom,davis.patricia77@mail.com,No
0409,Martin,Joseph,Sycamore Road 608,Zinnia Bottom,Ireland,martin.joseph55@mail.com,No
0410,White,Kevin,Freesia Road 924,Yew Bottom,Ireland,white.kevin26@mail.com,Yes
0411,Lee,Amanda,Purple Avenue 973,Coral Town,United Kingdom,lee.amanda16@mail.com,No
0412,Taylor,Melissa,Hyacinth Avenue 711,Dogwood Town,Ireland,taylor.melissa25@mail.com,Yes
0413,Robinson,Steven,Cherry Avenue 662,Beech Village,United Kingdom,robinson.steven29@mail.com,No
0414,Allen,Edward,Begonia Avenue 589,Poppy Bottom,United Kingdom,allen.edward81@mail.com,No
0415,Green,Linda,Lavender Lane 765,Sunflower Bay,United Kingdom,green.linda78@mail.com,Yes
0416,Garcia,Edward,Magenta Avenue 113,Gardenia City,United Kingdom,garcia.edward84@mail.com,No
0417,Jones,Kimberly,Camellia Lane 698,Yellow Village,United Kingdom,jones.kimberly62@mail.com,No
0418,Adams,Michael,Cherry Avenue 315,Orchid Bottom,Ireland,adams.michael95@mail.com,No
0419,Hernandez,William,Marigold Road 369,Ash Bay,United Kingdom,hernandez.william19@mail.com,Yes
0420,Johnson,Mark,Hyacinth Lane 319,Crimson Bay,United Kingdom,johnson.mark57@mail.com,Yes
0421,Lewis,Michael,Sunflower Road 997,Poppy Town,United Kingdom,lewis.michael25@mail.com,No
0422,Green,Christopher,Peony Road 594,Gardenia Bottom,Ireland,green.christopher90@mail.com,Yes
0423,White,Karen,Hornbeam Road 503,Yew Bottom,Ireland,white.karen85@mail.com,No
0424,Davis,Robert,Lavender Lane 156,Hawthorn Bottom,United Kingdom,davis.robert99@mail.com,Yes
0425,Sanchez,Robert,Turquoise Lane 742,Hickory City,Ireland,sanchez.robert81@mail.com,No
0426,Roberts,Deborah,Begonia Lane 107,Cherry City,Ireland,roberts.deborah18@mail.com,No
0427,Wright,Patricia,Sunflower Avenue 789,Freesia Bottom,Ireland,wright.patricia32@mail.com,Yes
0428,King,Emily,Gardenia Road 938,Spruce Village,Ireland,king.emily42@mail.com,No
0429,Jones,Karen,Zinnia Road 720,Poplar Town,United Kingdom,jones.karen15@mail.com,Yes
0430,Lewis,Anthony,Cherry Street 636,Orange Bottom,United Kingdom,lewis.anthony53@mail.com,No
0431,Hall,Donna,Green Street 559,Maple Bay,Ireland,hall.donna63@mail.com,No
0432,Campbell,Michelle,Juniper Road 477,Lavender Village,Ireland,campbell.michelle64@mail.com,No
0433,Martinez,Joshua,Red Lane 303,Sapphire Bottom,United Kingdom,martinez.joshua70@mail.com,No
0434,Nelson,Carol,Tulip Avenue 540,Blue City,Ireland,nelson.carol70@mail.com,No
0435,Lee,Susan,Bluebell Avenue 507,Rose Bottom,United Kingdom,lee.susan75@mail.com,No
0436,Green,Robert,Emerald Avenue 407,Cypress Bottom,United Kingdom,green.robert30@mail.com,No
0437,Thompson,Sandra,Cedar Lane 934,Purple Bottom,United Kingdom,thompson.sandra97@mail.com,No
0438,Wilson,Lisa,Hibiscus Road 708,Freesia Village,United Kingdom,wilson.lisa91@mail.com,Yes
0439,Moore,Amanda,Dogwood Street 901,Iris Bay,Ireland,moore.amanda64@mail.com,No
0440,Lewis,Kenneth,Blue Street 820,Indigo City,Ireland,lewis.kenneth51@mail.com,Yes
0441,Allen,Christopher,White Avenue 34,Hornbeam Bay,United Kingdom,allen.christopher57@mail.com,Yes
0442,Hernandez,Anthony,Spruce Lane 125,Beige Bay,Ireland,hernandez.anthony78@mail.com,No
0443,Jones,Linda,Jasmine Avenue 180,Chrysanthemum Town,Ireland,jones.linda15@mail.com,No
0444,Young,Deborah,Tulip Street 772,Freesia Village,Ireland,young.deborah60@mail.com,Yes
0445,Allen,Amanda,Birch Road 857,Maroon Bay,United Kingdom,allen.amanda81@mail.com,No
0446,Mitchell,Jessica,Alder Lane 293,Sapphire Town,Ireland,mitchell.jessica31@mail.com,Yes
0447,Williams,Jessica,Walnut Lane 78,Lilac Town,Ireland,williams.jessica26@mail.com,Yes
0448,Young,David,Maple Road 191,Chrysanthemum Bay,Ireland,young.david44@mail.com,No
0449,Williams,Stephanie,Hibiscus Avenue 212,Orchid Bay,United Kingdom,williams.stephanie17@mail.com,Yes
0450,Martin,Betty,Lavender Road 266,Gardenia Village,Ireland,martin.betty39@mail.com,Yes
0451,Walker,Michael,Elm Lane 949,Black Village,United Kingdom,walker.michael66@mail.com,Yes
0452,Wright,Amanda,Juniper Avenue 959,Ash Town,Ireland,wright.amanda73@mail.com,No
0453,Hall,Donna,Hornbeam Avenue 919,Begonia Bay,Ireland,hall.donna16@mail.com,Yes
0454,Wright,John,Lily Lane 163,Azure Town,United Kingdom,wright.john94@mail.com,No
0455,Wright,Michelle,Hazel Road 644,Coral Village,Ireland,wright.michelle17@mail.com,Yes
0456,Young,Donna,Hyacinth Avenue 276,Ruby Village,Ireland,young.donna32@mail.com,Yes
0457,Gonzalez,James,Turquoise Lane 803,Ash Bay,Ireland,gonzalez.james63@mail.com,No
0458,Garcia,Brian,Emerald Street 72,Bluebell City,Ireland,garcia.brian67@mail.com,Yes
0459,Perez,Emily,Hornbeam Lane 436,Crimson Town,Ireland,perez.emily73@mail.com,No
0460,Thompson,Joshua,Sapphire Street 622,Purple Bottom,Ireland,thompson.joshua22@mail.com,No
0461,Hernandez,Amanda,Magnolia Road 315,Juniper Bay,United Kingdom,hernandez.amanda70@mail.com,No
0462,Baker,Lisa,Black Street 108,Cedar Bay,Ireland,baker.lisa24@mail.com,Yes
0463,Rodriguez,Linda,Camellia Lane 970,Brown Village,Ireland,rodriguez.linda65@mail.com,Yes
0464,Ramirez,Linda,Hyacinth Lane 812,Turquoise Bottom,United Kingdom,ramirez.linda55@mail.com,No
0465,Lewis,Mark,Hibiscus Street 220,Walnut City,United Kingdom,lewis.mark12@mail.com,Yes
0466,Rodriguez,Amanda,Fir Lane 158,Hibiscus Bottom,United Kingdom,rodriguez.amanda94@mail.com,No
0467,Wilson,Mary,Lilac Lane 805,Magnolia Town,Ireland,wilson.mary95@mail.com,No
0468,Johnson,Betty,Hickory Lane 313,Hibiscus City,Ireland,johnson.betty43@mail.com,No
0469,Robinson,Amanda,Daisy Lane 414,Holly City,United Kingdom,robinson.amanda46@mail.com,No
0470,Hall,Thomas,Poppy Lane 366,Begonia Village,Ireland,hall.thomas86@mail.com,No
0471,Wilson,Edward,Brown Road 138,Aspen Town,Ireland,wilson.edward92@mail.com,Yes
0472,Taylor,Steven,Cherry Lane 410,Purple Village,United Kingdom,taylor.steven83@mail.com,Yes
0473,Davis,Donna,Hornbeam Road 712,Hyacinth Town,United Kingdom,davis.donna21@mail.com,No
0474,Rodriguez,George,Gardenia Avenue 166,Hazel Bottom,United Kingdom,rodriguez.george26@mail.com,Yes
0475,Gonzalez,Patricia,Snapdragon Lane 365,Chrysanthemum Bottom,Ireland,gonzalez.patricia41@mail.com,No
0476,White,Andrew,Cedar Lane 988,Elm Bottom,United Kingdom,white.andrew82@mail.com,No
0477,Turner,Donna,Lily Road 704,Hickory Bay,United Kingdom,turner.donna85@mail.com,Yes
0478,Davis,Nancy,Fir Lane 639,Chrysanthemum City,Ireland,davis.nancy93@mail.com,No
0479,Perez,Mark,Hazel Avenue 934,Walnut Town,United Kingdom,perez.mark39@mail.com,Yes
0480,Taylor,Kimberly,Bluebell Road 640,Peony Bay,Ireland,taylor.kimberly19@mail.com,No
0481,Adams,David,Hazel Road 423,Teal Bay,United Kingdom,adams.david60@mail.com,No
0482,Adams,Robert,Lilac Avenue 386,Birch Town,United Kingdom,adams.robert89@mail.com,Yes
0483,Turner,Richard,Beech Lane 699,Rose City,Ireland,turner.richard15@mail.com,No
0484,Evans,James,Magnolia Lane 10,Magenta Village,United Kingdom,evans.james17@mail.com,No
0485,Jones,John,Azure Avenue 662,Magnolia City,United Kingdom,jones.john76@mail.com,Yes
0486,Lopez,Matthew,Tulip Road 3,Cypress Town,Ireland,lopez.matthew39@mail.com,No
0487,Martinez,John,Cyan Lane 143,Begonia Bay,Ireland,martinez.john18@mail.com,Yes
0488,Thompson,Michelle,Iris Avenue 253,Pink Village,Ireland,thompson.michelle52@mail.com,No
0489,Hill,Anthony,Chestnut Street 795,Violet Village,Ireland,hill.anthony70@mail.com,Yes
0490,Hill,Michelle,Lavender Lane 705,Iris Bay,Ireland,hill.michelle45@mail.com,Yes
0491,Smith,Melissa,Hornbeam Street 275,Cherry Town,Ireland,smith.melissa62@mail.com,No
0492,Wright,William,Juniper Street 281,Daffodil Town,Ireland,wright.william90@mail.com,No
0493,Walker,Stephanie,Green Road 543,Ash Village,United Kingdom,walker.stephanie91@mail.com,No
0494,Davis,Barbara,Black Avenue 730,Begonia Bottom,United Kingdom,davis.barbara63@mail.com,No
0495,Hernandez,Emily,Spruce Lane 486,Chrysanthemum Bottom,Ireland,hernandez.emily53@mail.com,Yes
0496,Miller,Elizabeth,Rowan Avenue 314,Alder Bottom,Ireland,miller.elizabeth59@mail.com,No
0497,Phillips,David,Dahlia Lane 78,Daisy Village,Ireland,phillips.david84@mail.com,Yes
0498,Davis,Betty,Bluebell Road 931,Aspen Town,United Kingdom,davis.betty29@mail.com,No
0499,Evans,Steven,Ruby Lane 301,Hazel Village,United Kingdom,evans.steven83@mail.com,Yes
0500,Sanchez,Charles,Willow Avenue 288,Marigold Bottom,United Kingdom,sanchez.charles36@mail.com,No
0501,Ramirez,Kimberly,Elder Road 773,Silver City,United Kingdom,ramirez.kimberly73@mail.com,No
0502,Rodriguez,Betty,Azalea Street 186,Begonia City,Ireland,rodriguez.betty56@mail.com,Yes
0503,Thompson,Deborah,Begonia Lane 779,Cedar Town,Ireland,thompson.deborah54@mail.com,No
0504,Johnson,Ashley,Coral Road 175,Orchid Town,Ireland,johnson.ashley42@mail.com,Yes
0505,Lewis,Patricia,Hibiscus Avenue 560,Indigo City,United Kingdom,lewis.patricia18@mail.com,Yes
0506,Adams,Amanda,Azure Avenue 129,Beech Bottom,United Kingdom,adams.amanda14@mail.com,No
0507,Thomas,Susan,Snapdragon Lane 508,Dogwood Town,Ireland,thomas.susan89@mail.com,No
0508,Ramirez,Emily,Jasmine Lane 554,Camellia Town,Ireland,ramirez.emily54@mail.com,No
0509,Moore,Sarah,Magenta Lane 204,Larch Bay,United Kingdom,moore.sarah92@mail.com,Yes
0510,Moore,George,Daffodil Street 285,Sapphire Bay,United Kingdom,moore.george52@mail.com,No
0511,Carter,Mary,Sycamore Lane 993,Marigold Bottom,United Kingdom,carter.mary45@mail.com,Yes
0512,Martin,Brian,Rowan Street 779,Sycamore City,Ireland,martin.brian14@mail.com,No
0513,Moore,Ashley,Snapdragon Avenue 217,Freesia Village,Ireland,moore.ashley52@mail.com,No
0514,Williams,Jessica,Holly Street 656,Rose Bottom,United Kingdom,williams.jessica48@mail.com,No
0515,Jones,Kevin,Cypress Avenue 526,Beige Bay,Ireland,jones.kevin71@mail.com,No
0516,Johnson,Mark,Iris Street 677,Indigo Village,Ireland,johnson.mark24@mail.com,Yes
0517,Anderson,Linda,Ash Road 361,Lily Village,United Kingdom,anderson.linda95@mail.com,No
0518,Lee,Michael,Begonia Street 115,Hornbeam Town,United Kingdom,lee.michael34@mail.com,Yes
0519,Johnson,Michael,Green Street 438,Fir Village,United Kingdom,johnson.michael16@mail.com,Yes
0520,Turner,Kimberly,Bronze Street 985,Bronze Bottom,Ireland,turner.kimberly39@mail.com,Yes
0521,Ramirez,John,Oak Lane 525,Spruce Bottom,United Kingdom,ramirez.john96@mail.com,No
0522,Hill,Betty,Cypress Avenue 985,Walnut Bay,United Kingdom,hill.betty83@mail.com,Yes
0523,Turner,Thomas,Cyan Lane 476,Hibiscus Village,United Kingdom,turner.thomas31@mail.com,Yes
0524,White,Robert,Tulip Street 480,Yew Village,United Kingdom,white.robert53@mail.com,Yes
0525,Sanchez,Richard,White Street 725,Silver Bottom,United Kingdom,sanchez.richard71@mail.com,No
0526,Garcia,Melissa,Pink Road 680,Tulip Village,United Kingdom,garcia.melissa41@mail.com,Yes
0527,Campbell,Ashley,Gold Avenue 898,Blue City,United Kingdom,campbell.ashley98@mail.com,No
0528,Davis,George,Magnolia Road 145,Oak Bay,Ireland,davis.george17@mail.com,No
0529,Rodriguez,William,Tulip Street 463,Crimson Bay,United Kingdom,rodriguez.william93@mail.com,Yes
0530,Green,Jessica,Hickory Avenue 180,Elder Bay,United Kingdom,green.jessica32@mail.com,Yes
0531,Rodriguez,David,Beige Street 31,Emerald Bottom,United Kingdom,rodriguez.david59@mail.com,Yes
0532,Taylor,Edward,Beech Lane 283,Larch Village,Ireland,taylor.edward61@mail.com,No
0533,Williams,Andrew,Beige Avenue 203,Alder Bottom,United Kingdom,williams.andrew66@mail.com,Yes
0534,Moore,Jessica,Cedar Street 439,Orange Village,Ireland,moore.jessica31@mail.com,Yes
0535,Robinson,Stephanie,Poppy Road 80,Cyan Town,United Kingdom,robinson.stephanie14@mail.com,No
0536,Harris,Donald,Birch Road 384,Cypress Town,United Kingdom,harris.donald91@mail.com,Yes
0537,Sanchez,Matthew,Rose Road 241,Willow Village,United Kingdom,sanchez.matthew80@mail.com,Yes
0538,Nelson,Carol,Black Road 399,Sunflower Bottom,United Kingdom,nelson.carol22@mail.com,Yes
0539,Hernandez,Patricia,Black Lane 588,Magenta Village,United Kingdom,hernandez.patricia28@mail.com,Yes
0540,Harris,David,Cypress Road 95,Holly City,Ireland,harris.david62@mail.com,No
0541,Miller,Ashley,Cypress Road 568,Poppy Bay,United Kingdom,miller.ashley79@mail.com,Yes
0542,Gonzalez,George,Azure Road 723,Gray Bottom,United Kingdom,gonzalez.george72@mail.com,Yes
0543,Jones,Barbara,Sapphire Lane 489,Beech Town,United Kingdom,jones.barbara93@mail.com,No
0544,Davis,Steven,Lily Avenue 888,Azalea City,United Kingdom,davis.steven67@mail.com,Yes
0545,Allen,Kimberly,Dahlia Lane 805,Cyan Bay,Ireland,allen.kimberly12@mail.com,Yes
0546,Allen,Michael,Oak Lane 231,Brown Bottom,Ireland,allen.michael34@mail.com,Yes
0547,Adams,Betty,Gardenia Avenue 443,Zinnia Town,Ireland,adams.betty92@mail.com,Yes
0548,Johnson,Mary,Fir Road 456,Azure Village,United Kingdom,johnson.mary51@mail.com,Yes
0549,Campbell,Karen,Gray Lane 871,Rowan City,United Kingdom,campbell.karen16@mail.com,No
0550,Davis,Robert,Sapphire Street 782,Beech Town,Ireland,davis.robert11@mail.com,No
0551,Anderson,Michelle,Sunflower Street 56,Teal Village,Ireland,anderson.michelle80@mail.com,Yes
0552,Hill,Thomas,Lavender Street 597,Crimson Bay,United Kingdom,hill.thomas58@mail.com,Yes
0553,Campbell,Betty,Ash Lane 140,Yew Village,Ireland,campbell.betty71@mail.com,Yes
0554,Lopez,Linda,Indigo Road 348,Tulip Bay,United Kingdom,lopez.linda20@mail.com,Yes
0555,Perez,Sandra,Zinnia Avenue 941,Orange Bottom,Ireland,perez.sandra61@mail.com,Yes
0556,Harris,Joshua,Sunflower Avenue 468,Oak Bottom,Ireland,harris.joshua92@mail.com,No
0557,Nelson,David,Lavender Street 284,Birch Bottom,Ireland,nelson.david37@mail.com,Yes
0558,Harris,Susan,Sycamore Road 819,Bluebell Town,Ireland,harris.susan55@mail.com,No
0559,Robinson,Robert,Freesia Street 666,Coral Village,Ireland,robinson.robert55@mail.com,No
0560,Williams,Elizabeth,Spruce Road 986,Sycamore Village,Ireland,williams.elizabeth44@mail.com,Yes
0561,Wright,Lisa,Walnut Street 980,Rose Town,Ireland,wright.lisa36@mail.com,Yes
0562,Hall,Paul,Purple Street 705,Bluebell Bay,United Kingdom,hall.paul42@mail.com,No
0563,Sanchez,Paul,Hibiscus Street 268,Magenta City,Ireland,sanchez.paul84@mail.com,No
0564,Young,James,Freesia Avenue 582,Ash City,Ireland,young.james54@mail.com,No
0565,Walker,Deborah,Black Street 658,Lavender Village,Ireland,walker.deborah41@mail.com,No
0566,Martinez,Betty,Dahlia Lane 869,Orchid City,United Kingdom,martinez.betty46@mail.com,Yes
0567,Smith,Susan,Azalea Road 860,Hawthorn Town,United Kingdom,smith.susan10@mail.com,Yes
0568,Campbell,Barbara,Magenta Road 281,Birch Town,Ireland,campbell.barbara92@mail.com,No
0569,Hernandez,Donald,Gold Street 391,Elder Village,United Kingdom,hernandez.donald95@mail.com,Yes
0570,Wilson,Nancy,Poplar Avenue 563,Cedar Bay,United Kingdom,wilson.nancy14@mail.com,Yes
0571,Nelson,Jessica,Spruce Lane 617,Emerald Village,Ireland,nelson.jessica46@mail.com,No
0572,Davis,Barbara,Tulip Avenue 10,Coral Bottom,Ireland,davis.barbara95@mail.com,No
0573,Green,Emily,Freesia Avenue 834,Sapphire City,United Kingdom,green.emily53@mail.com,Yes
0574,Johnson,Patricia,Daisy Avenue 341,Crimson Town,United Kingdom,johnson.patricia14@mail.com,Yes
0575,Wilson,Michael,Freesia Lane 736,Ash Town,Ireland,wilson.michael69@mail.com,Yes
0576,Brown,Steven,Ash Lane 830,Larch Village,United Kingdom,brown.steven65@mail.com,Yes
0577,Carter,Margaret,Lavender Road 749,Rowan City,United Kingdom,carter.margaret51@mail.com,No
0578,Harris,Joseph,Poplar Road 366,Cyan City,United Kingdom,harris.joseph73@mail.com,Yes
0579,Green,Melissa,Snapdragon Road 528,Hawthorn Town,United Kingdom,green.melissa18@mail.com,Yes
0580,Green,Andrew,Bluebell Road 577,Maple Town,Ireland,green.andrew48@mail.com,Yes
0581,Turner,Barbara,Hickory Street 966,Freesia Town,United Kingdom,turner.barbara64@mail.com,No
0582,Thomas,Sandra,Rose Street 570,Cherry Bay,United Kingdom,thomas.sandra75@mail.com,No
0583,Mitchell,Paul,Coral Road 707,Chrysanthemum City,Ireland,mitchell.paul87@mail.com,Yes
0584,Wright,Linda,Lilac Avenue 378,Freesia Village,Ireland,wright.linda70@mail.com,No
0585,Thomas,Barbara,Cherry Road 287,Lily Bottom,Ireland,thomas.barbara49@mail.com,No
0586,White,Nancy,Turquoise Avenue 532,Elm City,United Kingdom,white.nancy65@mail.com,No
0587,Thompson,David,Cedar Road 324,Yew Bottom,Ireland,thompson.david40@mail.com,No
0588,Mitchell,Emily,Orchid Road 598,White Bottom,Ireland,mitchell.emily19@mail.com,No
0589,Walker,Kenneth,Petunia Lane 581,Sycamore Bottom,Ireland,walker.kenneth84@mail.com,Yes
0590,Johnson,Melissa,Daisy Road 338,Elder Bottom,Ireland,johnson.melissa58@mail.com,No
0591,Hernandez,Linda,Cedar Lane 168,Dahlia Village,United Kingdom,hernandez.linda77@mail.com,Yes
0592,Walker,Joshua,Ash Street 610,Violet Village,Ireland,walker.joshua55@mail.com,No
0593,Wilson,Kevin,Chrysanthemum Road 906,Juniper Bottom,Ireland,wilson.kevin79@mail.com,No
0594,Evans,Richard,Maroon Road 940,Yew Bottom,Ireland,evans.richard68@mail.com,No
0595,Hall,Barbara,Spruce Avenue 566,Bluebell City,Ireland,hall.barbara75@mail.com,No
0596,Clark,Kimberly,Oak Road 585,Lavender Town,Ireland,clark.kimberly92@mail.com,Yes
0597,Smith,Brian,Coral Road 866,Maroon Town,Ireland,smith.brian28@mail.com,No
0598,Walker,Elizabeth,Cypress Street 969,Marigold Village,Ireland,walker.elizabeth37@mail.com,No
0599,Davis,Sandra,Teal Avenue 563,White Village,Ireland,davis.sandra36@mail.com,No
0600,Lopez,Betty,Gold Avenue 278,White Bay,United Kingdom,lopez.betty83@mail.com,No
0601,Davis,Lisa,Orchid Road 880,Chestnut City,Ireland,davis.lisa26@mail.com,Yes
0602,Robinson,Andrew,Crimson Street 842,Freesia Town,Ireland,robinson.andrew80@mail.com,No
0603,Mitchell,Donna,Gray Lane 145,Alder City,United Kingdom,mitchell.donna61@mail.com,No
0604,Perez,Kevin,Hawthorn Street 582,Emerald Village,United Kingdom,perez.kevin82@mail.com,Yes
0605,Harris,Stephanie,Purple Avenue 835,Rose Bottom,United Kingdom,harris.stephanie49@mail.com,Yes
0606,Smith,Andrew,Magnolia Avenue 389,Juniper Town,United Kingdom,smith.andrew96@mail.com,Yes
0607,Wilson,Elizabeth,Green Avenue 816,Sunflower Bay,Ireland,wilson.elizabeth78@mail.com,No
0608,Martinez,Linda,Bluebell Avenue 281,Elder Bay,Ireland,martinez.linda21@mail.com,No
0609,Gonzalez,Lisa,Teal Road 427,Poppy Town,United Kingdom,gonzalez.lisa25@mail.com,No
0610,Ramirez,James,Purple Lane 222,Orchid Bay,Ireland,ramirez.james18@mail.com,Yes
0611,Jones,Brian,Violet Road 997,Sycamore Bottom,United Kingdom,jones.brian15@mail.com,No
0612,Martinez,Melissa,Bronze Road 85,Green Village,Ireland,martinez.melissa72@mail.com,Yes
0613,Wright,Michelle,Chrysanthemum Avenue 967,Silver Town,United Kingdom,wright.michelle74@mail.com,Yes
0614,Lee,David,Brown Street 78,Lavender Bottom,United Kingdom,lee.david76@mail.com,No
0615,Gonzalez,Stephanie,Red Lane 251,Freesia Village,Ireland,gonzalez.stephanie68@mail.com,Yes
0616,Ramirez,Elizabeth,Lavender Lane 237,Hyacinth Town,United Kingdom,ramirez.elizabeth98@mail.com,Yes
0617,Clark,Ashley,Ash Road 145,Magenta Town,Ireland,clark.ashley28@mail.com,Yes
0618,Thomas,Anthony,Poplar Road 490,Crimson City,Ireland,thomas.anthony14@mail.com,Yes
0619,Perez,Anthony,Tulip Avenue 359,Teal Bay,United Kingdom,perez.anthony16@mail.com,Yes
0620,Scott,Charles,Silver Street 12,Snapdragon City,Ireland,scott.charles84@mail.com,Yes
0621,Miller,Edward,Camellia Street 805,Daffodil Town,United Kingdom,miller.edward28@mail.com,Yes
0622,Moore,Linda,Brown Road 841,Dahlia Village,United Kingdom,moore.linda46@mail.com,No
0623,Adams,Betty,Rose Lane 669,Hawthorn Bottom,Ireland,adams.betty45@mail.com,Yes
0624,Mitchell,Matthew,Green Street 758,Magnolia Village,Ireland,mitchell.matthew61@mail.com,Yes
0625,Harris,Emily,Begonia Avenue 618,Chrysanthemum Bay,Ireland,harris.emily82@mail.com,No
0626,Green,Patricia,Peony Road 661,Peony Bottom,Ireland,green.patricia26@mail.com,Yes
0627,Clark,Andrew,Hickory Avenue 68,Pine Town,Ireland,clark.andrew27@mail.com,Yes
0628,Miller,Stephanie,Lavender Lane 206,Spruce Village,United Kingdom,miller.stephanie10@mail.com,Yes
0629,Anderson,Matthew,Oak Avenue 861,Birch Town,Ireland,anderson.matthew13@mail.com,No
0630,Jones,Kevin,Birch Street 832,Violet Town,United Kingdom,jones.kevin60@mail.com,No
0631,Walker,David,Rose Lane 474,Orange City,Ireland,walker.david94@mail.com,No
0632,Johnson,Mary,Blue Road 159,Beige City,United Kingdom,johnson.mary58@mail.com,No
0633,Wright,Jennifer,Elm Avenue 16,Marigold Town,United Kingdom,wright.jennifer80@mail.com,No
0634,Allen,Kenneth,Marigold Road 888,Snapdragon Bottom,Ireland,allen.kenneth93@mail.com,Yes
0635,Lopez,Nancy,Daffodil Street 965,Teal Town,Ireland,lopez.nancy81@mail.com,Yes
0636,Hall,Barbara,Walnut Lane 855,Bronze Bottom,Ireland,hall.barbara12@mail.com,Yes
0637,Wright,Edward,Crimson Avenue 254,Yew Village,Ireland,wright.edward46@mail.com,Yes
0638,Robinson,Michelle,Gray Road 936,Walnut Bay,Ireland,robinson.michelle18@mail.com,No
0639,Martinez,Michelle,Beech Avenue 483,Rowan Bottom,United Kingdom,martinez.michelle79@mail.com,No
0640,Ramirez,Donald,Hawthorn Avenue 527,Hornbeam Village,Ireland,ramirez.donald23@mail.com,No
0641,Gonzalez,Nancy,Green Street 333,Alder Bay,United Kingdom,gonzalez.nancy97@mail.com,Yes
0642,Phillips,Anthony,Cherry Lane 324,Spruce Town,United Kingdom,phillips.anthony61@mail.com,No
0643,Robinson,Sarah,Camellia Lane 6,Ruby Village,United Kingdom,robinson.sarah56@mail.com,No
0644,Scott,Amanda,Poppy Road 153,Violet City,Ireland,scott.amanda13@mail.com,Yes
0645,Lewis,Kevin,Silver Avenue 410,Orange Bottom,United Kingdom,lewis.kevin49@mail.com,Yes
0646,Miller,Joshua,Elm Avenue 799,Poppy Bottom,Ireland,miller.joshua84@mail.com,No
0647,Perez,George,Cyan Lane 568,Iris City,United Kingdom,perez.george22@mail.com,No
0648,Nelson,Emily,Turquoise Avenue 25,Elm Town,United Kingdom,nelson.emily97@mail.com,No
0649,Rodriguez,Steven,Zinnia Road 586,Yew City,Ireland,rodriguez.steven32@mail.com,Yes
0650,Clark,George,Dahlia Road 48,Hyacinth City,Ireland,clark.george24@mail.com,Yes
0651,Scott,Deborah,Brown Street 624,Rowan Bottom,United Kingdom,scott.deborah60@mail.com,No
0652,Carter,Michelle,Cedar Lane 758,Gold City,Ireland,carter.michelle19@mail.com,Yes
0653,Hernandez,Anthony,Magnolia Road 649,Daisy Bottom,Ireland,hernandez.anthony16@mail.com,No
0654,Walker,Jennifer,Bluebell Road 630,Larch City,Ireland,walker.jennifer64@mail.com,No
0655,Hill,Robert,Hornbeam Avenue 329,Yew City,United Kingdom,hill.robert36@mail.com,Yes
0656,Hernandez,Kenneth,White Road 270,Birch Bottom,United Kingdom,hernandez.kenneth43@mail.com,Yes
0657,Garcia,Joshua,Crimson Street 626,Daisy Village,United Kingdom,garcia.joshua15@mail.com,Yes
0658,Taylor,Mary,Azalea Lane 379,Beige Bottom,United Kingdom,taylor.mary21@mail.com,Yes
0659,Sanchez,Joseph,Magenta Avenue 836,Juniper Town,United Kingdom,sanchez.joseph89@mail.com,Yes
0660,Harris,Mark,Iris Road 929,Cyan City,Ireland,harris.mark83@mail.com,No
0661,Ramirez,Patricia,Yew Road 189,Magenta City,United Kingdom,ramirez.patricia48@mail.com,Yes
0662,Smith,Paul,Gold Road 463,Gardenia Town,United Kingdom,smith.paul69@mail.com,No
0663,Roberts,Lisa,Magnolia Street 385,Hyacinth Village,Ireland,roberts.lisa25@mail.com,No
0664,Taylor,George,Orchid Road 616,Orchid Town,United Kingdom,taylor.george91@mail.com,No
0665,Smith,Donald,Cherry Avenue 976,Hibiscus Bottom,United Kingdom,smith.donald11@mail.com,Yes
0666,Jones,Anthony,Snapdragon Street 130,Maroon Village,United Kingdom,jones.anthony38@mail.com,Yes
0667,Phillips,Steven,Poplar Road 188,Freesia Village,United Kingdom,phillips.steven29@mail.com,Yes
0668,Hill,Nancy,Black Road 217,Magnolia City,United Kingdom,hill.nancy29@mail.com,Yes
0669,Davis,Ashley,Dogwood Avenue 861,Ash Village,United Kingdom,davis.ashley68@mail.com,Yes
0670,Lopez,Michael,Dogwood Road 415,Chrysanthemum City,United Kingdom,lopez.michael23@mail.com,No
0671,Lopez,Emily,Beech Avenue 129,Gray Bottom,Ireland,lopez.emily39@mail.com,Yes
0672,Phillips,Michael,Cherry Lane 868,Green Town,Ireland,phillips.michael10@mail.com,No
0673,Wright,Donna,Primrose Road 948,Zinnia City,United Kingdom,wright.donna94@mail.com,Yes
0674,Martinez,Michelle,Petunia Road 691,Oak Village,United Kingdom,martinez.michelle21@mail.com,No
0675,Robinson,Sandra,Hibiscus Lane 470,Petunia Village,Ireland,robinson.sandra95@mail.com,No
0676,Jackson,Karen,Hazel Road 802,Bronze Village,United Kingdom,jackson.karen19@mail.com,Yes
0677,Thompson,Stephanie,Dogwood Street 936,Beech Bottom,Ireland,thompson.stephanie26@mail.com,Yes
0678,Ramirez,James,Hyacinth Street 88,Cherry Bay,United Kingdom,ramirez.james27@mail.com,No
0679,Adams,Donna,Camellia Avenue 900,Magnolia Village,United Kingdom,adams.donna41@mail.com,No
0680,White,Michelle,Rose Street 376,Bluebell Bay,United Kingdom,white.michelle26@mail.com,No
0681,Robinson,Nancy,Tulip Lane 836,Ash Town,Ireland,robinson.nancy23@mail.com,No
0682,Smith,Mark,Bluebell Avenue 988,Blue Village,United Kingdom,smith.mark51@mail.com,No
0683,Carter,David,Violet Street 127,Poppy City,United Kingdom,carter.david50@mail.com,No
0684,Turner,Matthew,Lavender Road 952,Oak Village,Ireland,turner.matthew19@mail.com,No
0685,Phillips,Donald,Purple Road 713,Violet Town,Ireland,phillips.donald48@mail.com,Yes
0686,Turner,Daniel,Juniper Road 541,Magenta Bay,United Kingdom,turner.daniel16@mail.com,Yes
0687,Jackson,Carol,Camellia Road 706,Cedar Bay,Ireland,jackson.carol53@mail.com,No
0688,Carter,Charles,Crimson Avenue 103,Bronze City,United Kingdom,carter.charles78@mail.com,No
0689,White,Jessica,Magenta Street 516,Red City,Ireland,white.jessica20@mail.com,No
0690,Young,Edward,Camellia Lane 602,Cypress Bottom,United Kingdom,young.edward91@mail.com,Yes
0691,Roberts,Melissa,Petunia Avenue 203,Ruby Bay,Ireland,roberts.melissa41@mail.com,Yes
0692,Walker,John,Jasmine Lane 433,Petunia Village,United Kingdom,walker.john77@mail.com,Yes
0693,Hill,Margaret,Daffodil Lane 828,Camellia City,Ireland,hill.margaret29@mail.com,Yes
0694,Moore,Nancy,Sapphire Lane 791,Ash Bay,Ireland,moore.nancy90@mail.com,No
0695,Taylor,Matthew,Sunflower Road 362,Juniper City,Ireland,taylor.matthew54@mail.com,No
0696,Johnson,David,Ruby Road 881,Sapphire City,Ireland,johnson.david57@mail.com,Yes
0697,Sanchez,Brian,Birch Lane 512,Peony Bottom,United Kingdom,sanchez.brian88@mail.com,Yes
0698,Mitchell,Thomas,Lavender Avenue 1,Dahlia Bottom,Ireland,mitchell.thomas30@mail.com,Yes
0699,Sanchez,Carol,White Avenue 26,Hickory City,Ireland,sanchez.carol82@mail.com,No
0700,Thomas,Betty,Larch Avenue 613,Holly Bottom,Ireland,thomas.betty97@mail.com,No
0701,Hall,Carol,Crimson Lane 767,Maroon City,United Kingdom,hall.carol54@mail.com,No
0702,Taylor,Mark,Cedar Street 298,Snapdragon City,Ireland,taylor.mark59@mail.com,Yes
0703,Rodriguez,Carol,Turquoise Lane 914,Alder Village,United Kingdom,rodriguez.carol38@mail.com,Yes
0704,Lee,Brian,Hibiscus Lane 957,Aspen City,Ireland,lee.brian27@mail.com,Yes
0705,Brown,Sandra,Silver Lane 377,Cherry City,Ireland,brown.sandra19@mail.com,Yes
0706,Hall,Kimberly,Cyan Road 178,Chrysanthemum Village,United Kingdom,hall.kimberly30@mail.com,No
0707,Davis,Kenneth,Gray Avenue 149,Hickory City,Ireland,davis.kenneth21@mail.com,Yes
0708,Anderson,Susan,Marigold Road 522,Elder Bottom,Ireland,anderson.susan73@mail.com,No
0709,Perez,Jennifer,Poplar Avenue 853,Willow City,United Kingdom,perez.jennifer33@mail.com,No
0710,Garcia,John,Sapphire Street 505,Pink Bay,United Kingdom,garcia.john85@mail.com,No
0711,Adams,Christopher,Walnut Street 93,Poppy Village,Ireland,adams.christopher29@mail.com,Yes
0712,Roberts,Steven,Cherry Road 122,Sunflower City,United Kingdom,roberts.steven66@mail.com,Yes
0713,Clark,Joseph,Sunflower Road 938,Silver City,Ireland,clark.joseph77@mail.com,Yes
0714,Taylor,Donna,Blue Street 100,Snapdragon Town,Ireland,taylor.donna52@mail.com,Yes
0715,Perez,Sandra,Poppy Street 270,Hornbeam Bottom,United Kingdom,perez.sandra87@mail.com,No
0716,Ramirez,Deborah,Begonia Street 49,Violet Village,United Kingdom,ramirez.deborah97@mail.com,No
0717,Phillips,George,Violet Lane 983,Yellow Bottom,Ireland,phillips.george20@mail.com,Yes
0718,Lee,Edward,Sunflower Avenue 16,Fir Town,Ireland,lee.edward43@mail.com,No
0719,Ramirez,Stephanie,Magnolia Road 829,Blue Village,United Kingdom,ramirez.stephanie57@mail.com,No
0720,Anderson,Sandra,Blue Avenue 926,Elder Bottom,United Kingdom,anderson.sandra61@mail.com,No
0721,Williams,Mark,Peony Road 47,Snapdragon Village,Ireland,williams.mark35@mail.com,Yes
0722,Sanchez,George,Hickory Road 357,Elder Village,Ireland,sanchez.george58@mail.com,Yes
0723,Ramirez,Thomas,Beech Road 474,Snapdragon Bay,United Kingdom,ramirez.thomas11@mail.com,Yes
0724,Martin,Andrew,Violet Road 210,Alder Village,United Kingdom,martin.andrew94@mail.com,Yes
0725,Wright,Michelle,Brown Avenue 179,Purple City,Ireland,wright.michelle37@mail.com,No
0726,Hernandez,Betty,Larch Street 74,Iris City,United Kingdom,hernandez.betty23@mail.com,Yes
0727,Rodriguez,Mary,Coral Lane 980,Teal Town,Ireland,rodriguez.mary82@mail.com,Yes
0728,Williams,Christopher,Spruce Road 52,Chrysanthemum Village,United Kingdom,williams.christopher18@mail.com,Yes
0729,Rodriguez,Donna,Maple Road 510,Zinnia Bottom,United Kingdom,rodriguez.donna78@mail.com,Yes
0730,Young,James,Turquoise Road 72,Azalea Town,Ireland,young.james49@mail.com,Yes
0731,Harris,Susan,Green Street 385,Gray Bay,Ireland,harris.susan77@mail.com,Yes
0732,Thompson,William,Hornbeam Road 911,Rose Bottom,Ireland,thompson.william35@mail.com,No
0733,Mitchell,Jessica,Gold Road 333,Snapdragon Bay,Ireland,mitchell.jessica64@mail.com,No
0734,Thomas,Donna,Red Lane 354,Larch Village,United Kingdom,thomas.donna13@mail.com,No
0735,Wilson,Donald,Gray Street 192,Azalea Bottom,Ireland,wilson.donald45@mail.com,Yes
0736,Lewis,Joshua,Begonia Road 424,Beech Bay,Ireland,lewis.joshua82@mail.com,No
0737,Thomas,Sandra,Hibiscus Road 45,Bronze Village,Ireland,thomas.sandra67@mail.com,No
0738,Evans,Ashley,Turquoise Avenue 365,Blue City,Ireland,evans.ashley53@mail.com,No
0739,Campbell,Sandra,Larch Street 620,Azure Bottom,Ireland,campbell.sandra89@mail.com,Yes
0740,Adams,Deborah,Violet Avenue 558,Indigo Bay,United Kingdom,adams.deborah26@mail.com,Yes
0741,Hernandez,Anthony,Indigo Road 743,Walnut Bay,United Kingdom,hernandez.anthony21@mail.com,No
0742,King,Sarah,Peony Street 695,Rose Village,Ireland,king.sarah65@mail.com,No
0743,Scott,Carol,Marigold Road 395,Hornbeam Bay,United Kingdom,scott.carol22@mail.com,No
0744,Miller,Melissa,Rowan Street 59,Gray Bay,United Kingdom,miller.melissa97@mail.com,Yes
0745,Garcia,Sandra,Brown Street 963,Yew Village,United Kingdom,garcia.sandra62@mail.com,No
0746,Turner,Sarah,Primrose Street 946,Pink Bottom,United Kingdom,turner.sarah46@mail.com,No
0747,Nelson,James,Silver Road 733,Ash Village,Ireland,nelson.james80@mail.com,No
0748,Green,Jennifer,Hornbeam Road 654,Teal City,United Kingdom,green.jennifer67@mail.com,Yes
0749,Moore,Edward,Pink Avenue 710,Hawthorn Town,United Kingdom,moore.edward27@mail.com,Yes
0750,Hernandez,Deborah,Teal Road 479,Birch Town,Ireland,hernandez.deborah15@mail.com,No
0751,Clark,Donna,Juniper Road 533,Maple Bottom,United Kingdom,clark.donna37@mail.com,No
0752,Harris,Nancy,Poplar Street 444,Hibiscus Village,Ireland,harris.nancy65@mail.com,Yes
0753,Williams,Karen,Chrysanthemum Avenue 189,Aspen City,Ireland,williams.karen16@mail.com,No
0754,Nelson,Amanda,Pine Lane 105,Purple Town,Ireland,nelson.amanda74@mail.com,No
0755,King,Elizabeth,Sunflower Lane 568,Indigo City,United Kingdom,king.elizabeth61@mail.com,No
0756,Mitchell,Paul,Sunflower Lane 291,Cyan Bottom,Ireland,mitchell.paul59@mail.com,No
0757,Davis,William,Elder Avenue 643,Hazel Town,United Kingdom,davis.william39@mail.com,Yes
0758,Martinez,William,Sunflower Avenue 709,Blue City,United Kingdom,martinez.william54@mail.com,Yes
0759,Garcia,Steven,Lavender Road 70,Maroon Bottom,United Kingdom,garcia.steven99@mail.com,Yes
0760,Lee,Susan,Purple Lane 71,Alder Bottom,Ireland,lee.susan42@mail.com,No
0761,Wright,John,Juniper Road 856,Chrysanthemum Bottom,Ireland,wright.john39@mail.com,Yes
0762,Thomas,Jessica,Poplar Lane 120,Hickory Town,United Kingdom,thomas.jessica15@mail.com,Yes
0763,Lopez,Emily,Daffodil Street 883,Green City,United Kingdom,lopez.emily62@mail.com,Yes
0764,Nelson,Richard,Chestnut Road 741,Elm Village,United Kingdom,nelson.richard88@mail.com,No
0765,Wright,Edward,Violet Street 249,Ruby Town,United Kingdom,wright.edward76@mail.com,Yes
0766,Carter,Richard,Orange Avenue 568,Bluebell Town,United Kingdom,carter.richard24@mail.com,Yes
0767,Taylor,Michelle,Begonia Lane 74,Iris Bay,Ireland,taylor.michelle57@mail.com,Yes
0768,Robinson,Thomas,Pink Road 766,Ash Village,Ireland,robinson.thomas13@mail.com,No
0769,Martinez,Kenneth,Beige Avenue 856,Hawthorn Bottom,United Kingdom,martinez.kenneth67@mail.com,No
0770,Thompson,Mark,Daffodil Road 142,Tulip Village,Ireland,thompson.mark39@mail.com,Yes
0771,Turner,Kimberly,Chestnut Avenue 108,Gray Bottom,Ireland,turner.kimberly53@mail.com,Yes
0772,King,Joshua,Cypress Road 588,Cyan Bay,Ireland,king.joshua72@mail.com,Yes
0773,Walker,Edward,Begonia Road 382,Ruby Bay,United Kingdom,walker.edward89@mail.com,No
0774,Campbell,Paul,Pine Avenue 31,Peony Bay,Ireland,campbell.paul47@mail.com,Yes
0775,Garcia,Jennifer,Maroon Road 982,Ash Town,Ireland,garcia.jennifer38@mail.com,No
0776,Phillips,Stephanie,Gold Road 956,Azure Town,United Kingdom,phillips.stephanie11@mail.com,Yes
0777,Allen,Mark,Tulip Road 609,Rowan Town,United Kingdom,allen.mark70@mail.com,No
0778,Hernandez,Charles,Chrysanthemum Road 482,Yew Village,United Kingdom,hernandez.charles88@mail.com,Yes
0779,Wright,Melissa,Magnolia Lane 46,Spruce Bottom,Ireland,wright.melissa30@mail.com,Yes
0780,Anderson,Ashley,Violet Avenue 713,Daisy Village,Ireland,anderson.ashley61@mail.com,No
0781,Lee,Robert,Purple Avenue 277,Freesia Bay,Ireland,lee.robert12@mail.com,No
0782,White,Sarah,Hyacinth Street 89,Silver City,Ireland,white.sarah80@mail.com,No
0783,Phillips,Ashley,Indigo Road 459,Hyacinth City,United Kingdom,phillips.ashley17@mail.com,Yes
0784,Jones,Robert,Elder Lane 274,Hornbeam Village,United Kingdom,jones.robert81@mail.com,No
0785,Walker,Kenneth,Poppy Avenue 287,Pine Village,United Kingdom,walker.kenneth32@mail.com,No
0786,Robinson,Joshua,Snapdragon Lane 745,Rose City,Ireland,robinson.joshua52@mail.com,No
0787,Martinez,George,Magenta Street 880,Freesia City,Ireland,martinez.george74@mail.com,No
0788,Walker,Kenneth,Azure Avenue 128,Chestnut Town,Ireland,walker.kenneth42@mail.com,No
0789,Johnson,Richard,Gardenia Street 477,Hazel City,Ireland,johnson.richard65@mail.com,Yes
0790,Thomas,Charles,Turquoise Lane 769,Gardenia Bottom,United Kingdom,thomas.charles20@mail.com,Yes
0791,Campbell,Kenneth,Aspen Avenue 975,Azure Town,United Kingdom,campbell.kenneth31@mail.com,No
0792,Smith,Christopher,Rowan Avenue 777,Crimson Village,Ireland,smith.christopher81@mail.com,Yes
0793,Phillips,Karen,Red Lane 5,Turquoise Bay,United Kingdom,phillips.karen16@mail.com,No
0794,Allen,Margaret,Magenta Road 702,Rowan City,United Kingdom,allen.margaret41@mail.com,Yes
0795,Lopez,Anthony,Petunia Road 294,Begonia Bottom,United Kingdom,lopez.anthony57@mail.com,No
0796,Allen,Andrew,Azalea Street 602,Coral City,United Kingdom,allen.andrew70@mail.com,No
0797,Rodriguez,Kenneth,Ash Street 778,Gardenia Bottom,United Kingdom,rodriguez.kenneth13@mail.com,Yes
0798,Gonzalez,Thomas,Yellow Lane 384,Daisy City,United Kingdom,gonzalez.thomas51@mail.com,Yes
0799,Allen,Susan,Chestnut Avenue 340,Rowan Bottom,United Kingdom,allen.susan40@mail.com,Yes
0800,Davis,Ashley,Indigo Avenue 968,Yew Town,United Kingdom,davis.ashley26@mail.com,Yes
0801,Lopez,Kenneth,Dahlia Avenue 668,Sapphire City,United Kingdom,lopez.kenneth19@mail.com,No
0802,Moore,Robert,Chrysanthemum Lane 13,Spruce City,United Kingdom,moore.robert65@mail.com,Yes
0803,Johnson,Richard,Oak Street 920,Green Town,Ireland,johnson.richard60@mail.com,No
0804,Lewis,Nancy,Azalea Road 475,Beige City,United Kingdom,lewis.nancy75@mail.com,No
0805,Mitchell,Michael,Green Street 456,Hornbeam Bottom,Ireland,mitchell.michael61@mail.com,No
0806,Miller,Amanda,Jasmine Lane 669,Magnolia Bay,United Kingdom,miller.amanda44@mail.com,Yes
0807,King,Kimberly,Iris Avenue 501,Indigo Town,Ireland,king.kimberly89@mail.com,No
0808,Hill,Stephanie,Beige Road 311,Begonia Bay,Ireland,hill.stephanie65@mail.com,Yes
0809,Phillips,Kimberly,Gray Lane 633,Lavender Village,Ireland,phillips.kimberly38@mail.com,No
0810,Martinez,Joseph,Indigo Avenue 785,Pine Bottom,United Kingdom,martinez.joseph48@mail.com,No
0811,Mitchell,Andrew,Crimson Street 465,Cyan Town,Ireland,mitchell.andrew17@mail.com,Yes
0812,Moore,Daniel,Magnolia Lane 914,Purple City,United Kingdom,moore.daniel66@mail.com,No
0813,Hill,Lisa,Hazel Street 498,Spruce Bay,United Kingdom,hill.lisa90@mail.com,No
0814,Clark,Andrew,Walnut Road 791,Magnolia Village,United Kingdom,clark.andrew87@mail.com,Yes
0815,Brown,William,Violet Street 334,Sycamore City,Ireland,brown.william52@mail.com,No
0816,Perez,Michael,Crimson Lane 668,Hazel Bottom,United Kingdom,perez.michael49@mail.com,Yes
0817,Clark,Daniel,Orchid Lane 951,Elder Town,United Kingdom,clark.daniel38@mail.com,No
0818,King,William,Yellow Lane 75,Turquoise Village,United Kingdom,king.william32@mail.com,No
0819,Martinez,John,Dogwood Road 160,Elder Village,Ireland,martinez.john34@mail.com,Yes
0820,Walker,Patricia,Snapdragon Avenue 590,Rose Town,Ireland,walker.patricia31@mail.com,Yes
0821,Allen,Kenneth,Tulip Street 869,Purple Town,United Kingdom,allen.kenneth83@mail.com,No
0822,Clark,Lisa,White Street 781,Hazel Town,United Kingdom,clark.lisa73@mail.com,Yes
0823,Carter,Donna,Lavender Road 734,Marigold Town,Ireland,carter.donna20@mail.com,Yes
0824,Mitchell,Betty,Hyacinth Street 630,Poppy Bay,United Kingdom,mitchell.betty28@mail.com,No
0825,Lopez,David,Sapphire Lane 347,Hazel Bay,United Kingdom,lopez.david74@mail.com,Yes
0826,White,Edward,Teal Street 620,Hornbeam Bay,Ireland,white.edward17@mail.com,Yes
0827,Thompson,Karen,Rowan Road 476,Dogwood Bottom,Ireland,thompson.karen42@mail.com,Yes
0828,Anderson,Robert,Lilac Street 821,Lavender City,United Kingdom,anderson.robert85@mail.com,Yes
0829,Moore,David,Juniper Avenue 847,Petunia Bay,Ireland,moore.david43@mail.com,Yes
0830,Gonzalez,Linda,Poppy Avenue 127,Coral City,Ireland,gonzalez.linda97@mail.com,Yes
0831,Evans,Daniel,Orchid Avenue 812,White Village,Ireland,evans.daniel61@mail.com,Yes
0832,Smith,Kimberly,Gardenia Lane 955,Hickory Village,United Kingdom,smith.kimberly59@mail.com,No
0833,Phillips,Matthew,Cypress Avenue 715,Emerald Village,United Kingdom,phillips.matthew96@mail.com,No
0834,Wilson,Melissa,Blue Lane 916,Lavender Bay,Ireland,wilson.melissa12@mail.com,No
0835,Gonzalez,Joseph,Turquoise Avenue 592,Chestnut Bay,Ireland,gonzalez.joseph31@mail.com,No
0836,Nelson,Michael,Snapdragon Road 392,Primrose Bay,Ireland,nelson.michael81@mail.com,No
0837,Moore,Betty,Zinnia Avenue 267,Poppy Village,Ireland,moore.betty19@mail.com,Yes
0838,Williams,Michael,Crimson Road 384,Camellia City,United Kingdom,williams.michael65@mail.com,Yes
0839,Ramirez,Joshua,Red Street 878,Poplar Bottom,Ireland,ramirez.joshua86@mail.com,Yes
0840,Thompson,Thomas,Snapdragon Lane 3,Violet Town,Ireland,thompson.thomas43@mail.com,Yes
0841,Phillips,Margaret,Ash Avenue 787,Purple City,Ireland,phillips.margaret13@mail.com,Yes
0842,Adams,Thomas,Lily Avenue 687,Marigold City,United Kingdom,adams.thomas44@mail.com,Yes
0843,King,Nancy,Pink Road 288,Lavender Town,United Kingdom,king.nancy58@mail.com,No
0844,Harris,Michael,Begonia Road 435,Ruby Town,Ireland,harris.michael46@mail.com,Yes
0845,Young,Stephanie,Indigo Avenue 610,Gold Town,United Kingdom,young.stephanie89@mail.com,Yes
0846,Nelson,Edward,Crimson Avenue 685,Sapphire Town,Ireland,nelson.edward10@mail.com,Yes
0847,Martinez,Kevin,Lavender Lane 518,Gold Bay,United Kingdom,martinez.kevin77@mail.com,No
0848,Smith,Karen,Camellia Street 842,Peony City,United Kingdom,smith.karen84@mail.com,No
0849,Johnson,Mary,Maroon Street 383,Hickory Town,United Kingdom,johnson.mary35@mail.com,No
0850,Harris,Thomas,Camellia Lane 836,Cedar Village,United Kingdom,harris.thomas37@mail.com,Yes
0851,King,Stephanie,Teal Street 137,Peony Town,Ireland,king.stephanie12@mail.com,Yes
0852,Martin,Sarah,Willow Street 285,Bluebell Town,Ireland,martin.sarah25@mail.com,Yes
0853,Ramirez,Steven,Beech Street 44,Zinnia City,Ireland,ramirez.steven19@mail.com,Yes
0854,Hall,Sarah,Daffodil Lane 326,Lilac City,United Kingdom,hall.sarah86@mail.com,Yes
0855,Campbell,Ashley,Hyacinth Lane 747,Coral Village,United Kingdom,campbell.ashley82@mail.com,No
0856,Davis,Emily,Fir Lane 363,Gardenia Bay,Ireland,davis.emily82@mail.com,No
0857,Davis,Deborah,Indigo Street 848,Magenta Town,United Kingdom,davis.deborah55@mail.com,Yes
0858,Adams,Charles,Larch Lane 570,Rose City,Ireland,adams.charles66@mail.com,No
0859,Carter,Kenneth,Green Road 965,Chrysanthemum Village,United Kingdom,carter.kenneth85@mail.com,No
0860,Turner,Donald,Gray Avenue 289,Walnut Town,United Kingdom,turner.donald74@mail.com,No
0861,Campbell,Brian,Beech Avenue 866,Spruce Town,United Kingdom,campbell.brian75@mail.com,Yes
0862,King,Thomas,Gardenia Road 406,Azalea City,United Kingdom,king.thomas16@mail.com,No
0863,Mitchell,Elizabeth,Spruce Avenue 899,Hazel City,United Kingdom,mitchell.elizabeth22@mail.com,No
0864,Turner,Michelle,Turquoise Road 224,Ruby Town,Ireland,turner.michelle29@mail.com,No
0865,Harris,Ashley,Green Street 747,Camellia Bay,United Kingdom,harris.ashley25@mail.com,Yes
0866,Garcia,Jennifer,Sycamore Avenue 736,Teal Bay,Ireland,garcia.jennifer27@mail.com,No
0867,Moore,David,Dogwood Street 793,Dahlia Bottom,United Kingdom,moore.david97@mail.com,Yes
0868,Moore,Charles,Maroon Lane 491,Willow City,United Kingdom,moore.charles69@mail.com,Yes
0869,Wright,Richard,Camellia Avenue 192,Pine Bottom,Ireland,wright.richard15@mail.com,Yes
0870,Carter,Jennifer,Beech Lane 645,Beige Bay,Ireland,carter.jennifer24@mail.com,No
0871,Miller,James,Primrose Avenue 274,Lily Bottom,United Kingdom,miller.james31@mail.com,Yes
0872,Hall,Michael,Crimson Avenue 345,Black Bay,United Kingdom,hall.michael35@mail.com,Yes
0873,Wright,Lisa,Oak Street 960,Begonia Bottom,United Kingdom,wright.lisa36@mail.com,No
0874,Lopez,Michelle,Pink Road 445,Hyacinth Town,Ireland,lopez.michelle60@mail.com,Yes
0875,Campbell,Christopher,Cyan Lane 745,Petunia Town,Ireland,campbell.christopher31@mail.com,No
0876,Hall,Donald,Marigold Avenue 408,Sunflower Bottom,Ireland,hall.donald50@mail.com,No
0877,Allen,Patricia,Jasmine Avenue 908,Fir Bay,Ireland,allen.patricia55@mail.com,Yes
0878,Hernandez,Lisa,Birch Avenue 103,Chrysanthemum Village,United Kingdom,hernandez.lisa37@mail.com,No
0879,Turner,Elizabeth,Holly Street 93,Jasmine City,Ireland,turner.elizabeth14@mail.com,No
0880,Roberts,Jennifer,Red Lane 534,Emerald Bay,United Kingdom,roberts.jennifer41@mail.com,Yes
0881,Hall,Barbara,Bluebell Avenue 338,Lilac City,United Kingdom,hall.barbara45@mail.com,No
0882,Martinez,Paul,Juniper Street 171,Dogwood Village,Ireland,martinez.paul28@mail.com,No
0883,Turner,Edward,Azure Road 135,Ash Bay,United Kingdom,turner.edward52@mail.com,No
0884,King,Andrew,Larch Street 847,Sapphire City,Ireland,king.andrew18@mail.com,Yes
0885,Lewis,Mary,Magenta Street 870,Daffodil Bottom,Ireland,lewis.mary13@mail.com,No
0886,Harris,Emily,Rose Street 28,Gold City,United Kingdom,harris.emily99@mail.com,Yes
0887,White,Jennifer,Poplar Road 522,Violet City,Ireland,white.jennifer78@mail.com,No
0888,Brown,David,Holly Street 577,Alder City,Ireland,brown.david19@mail.com,No
0889,Smith,Barbara,Azalea Lane 473,Marigold Bay,United Kingdom,smith.barbara27@mail.com,No
0890,Brown,Melissa,Chrysanthemum Road 208,Teal Town,Ireland,brown.melissa12@mail.com,Yes
0891,Clark,Mary,Hornbeam Lane 580,Juniper Bottom,Ireland,clark.mary37@mail.com,No
0892,Thomas,Kevin,Hazel Street 686,Alder Bay,United Kingdom,thomas.kevin36@mail.com,No
0893,Carter,Robert,Crimson Lane 651,Walnut Bottom,Ireland,carter.robert48@mail.com,No
0894,Gonzalez,Mary,Chrysanthemum Avenue 384,Daisy Town,United Kingdom,gonzalez.mary37@mail.com,No
0895,Jones,Amanda,Freesia Street 224,Beige Bottom,United Kingdom,jones.amanda81@mail.com,Yes
0896,Wright,Karen,Rose Street 376,Larch Bay,United Kingdom,wright.karen13@mail.com,Yes
0897,Scott,Emily,Rowan Street 730,Daisy Town,Ireland,scott.emily66@mail.com,Yes
0898,Miller,Margaret,Orange Street 269,Ruby Bottom,Ireland,miller.margaret20@mail.com,No
0899,Anderson,Jessica,Magnolia Street 237,Dahlia City,Ireland,anderson.jessica29@mail.com,Yes
0900,Scott,Karen,Orchid Avenue 416,Oak City,United Kingdom,scott.karen22@mail.com,No
0901,Hill,Thomas,Rose Road 339,Cherry Bottom,United Kingdom,hill.thomas66@mail.com,No
0902,Green,John,Rose Road 664,Green Town,United Kingdom,green.john56@mail.com,Yes
0903,Brown,Steven,Petunia Avenue 118,Yew Bottom,Ireland,brown.steven23@mail.com,No
0904,Martin,Donna,Orchid Road 533,Cypress Bottom,United Kingdom,martin.donna72@mail.com,No
0905,King,Betty,Violet Street 259,Beech Bottom,United Kingdom,king.betty60@mail.com,Yes
0906,Hill,Christopher,Coral Road 200,Hibiscus Village,Ireland,hill.christopher38@mail.com,Yes
0907,Allen,Richard,Elm Street 682,Yellow Village,United Kingdom,allen.richard69@mail.com,Yes
0908,White,Mark,Turquoise Road 29,Aspen Bay,United Kingdom,white.mark30@mail.com,Yes
0909,Walker,Kevin,Coral Avenue 522,Freesia Bottom,United Kingdom,walker.kevin91@mail.com,No
0910,Lopez,Richard,Red Road 631,Lavender Town,United Kingdom,lopez.richard48@mail.com,Yes
0911,Roberts,Edward,Zinnia Avenue 503,Azalea Bottom,Ireland,roberts.edward98@mail.com,No
0912,Nelson,Brian,Jasmine Lane 733,Yellow Village,United Kingdom,nelson.brian83@mail.com,Yes
0913,Roberts,Christopher,Azalea Street 800,Iris City,Ireland,roberts.christopher97@mail.com,Yes
0914,Martin,Christopher,Magnolia Lane 916,Rowan Town,United Kingdom,martin.christopher54@mail.com,No
0915,Wilson,Susan,Snapdragon Road 670,Hibiscus City,United Kingdom,wilson.susan16@mail.com,Yes
0916,Martinez,Mary,Hibiscus Street 329,Ruby Bottom,Ireland,martinez.mary30@mail.com,Yes
0917,Clark,Daniel,Cyan Road 744,Violet Bay,Ireland,clark.daniel54@mail.com,No
0918,Scott,Amanda,Teal Lane 296,Begonia Bottom,Ireland,scott.amanda46@mail.com,Yes
0919,Allen,Jessica,Yellow Avenue 539,Beech City,United Kingdom,allen.jessica56@mail.com,No
0920,Brown,Kenneth,Sunflower Avenue 868,Larch Bay,United Kingdom,brown.kenneth19@mail.com,No
0921,Moore,Joshua,Magenta Street 461,Primrose Village,United Kingdom,moore.joshua90@mail.com,Yes
0922,Hall,Linda,Jasmine Road 291,Orchid Town,United Kingdom,hall.linda25@mail.com,Yes
0923,Carter,Kimberly,Gold Road 808,Willow Bay,United Kingdom,carter.kimberly76@mail.com,No
0924,Taylor,Mark,Juniper Street 993,Marigold Bay,United Kingdom,taylor.mark67@mail.com,Yes
0925,Hill,Steven,Brown Street 347,Lilac Bay,United Kingdom,hill.steven71@mail.com,No
0926,Adams,William,Violet Avenue 731,Emerald Village,United Kingdom,adams.william33@mail.com,No
0927,Anderson,Margaret,Lavender Lane 742,Turquoise Bay,United Kingdom,anderson.margaret44@mail.com,Yes
0928,Taylor,Nancy,Gardenia Street 365,Coral Bay,United Kingdom,taylor.nancy13@mail.com,No
0929,Campbell,James,Violet Lane 107,Sunflower Bay,Ireland,campbell.james86@mail.com,No
0930,Hill,Christopher,Freesia Avenue 235,Lilac Town,United Kingdom,hill.christopher40@mail.com,Yes
0931,Ramirez,Robert,Lilac Street 658,Juniper Bottom,United Kingdom,ramirez.robert10@mail.com,No
0932,Baker,Emily,Alder Street 887,Cypress Bay,Ireland,baker.emily45@mail.com,Yes
0933,Baker,James,Dogwood Street 467,Violet Town,United Kingdom,baker.james42@mail.com,Yes
0934,Adams,Ashley,Dahlia Road 485,Yew Bay,United Kingdom,adams.ashley24@mail.com,Yes
0935,Perez,Amanda,Petunia Road 749,Hyacinth Bottom,United Kingdom,perez.amanda49@mail.com,Yes
0936,Young,Thomas,Hibiscus Lane 216,Beech Bay,Ireland,young.thomas95@mail.com,No
0937,Moore,Mary,Chestnut Street 561,Poppy Bay,United Kingdom,moore.mary18@mail.com,Yes
0938,Martinez,Sandra,Magenta Avenue 852,Elder Bottom,United Kingdom,martinez.sandra95@mail.com,No
0939,Ramirez,Brian,Bluebell Avenue 687,Primrose Bay,United Kingdom,ramirez.brian44@mail.com,No
0940,Hernandez,Betty,Brown Street 357,Primrose Bottom,Ireland,hernandez.betty23@mail.com,Yes
0941,Hall,Emily,Gray Lane 223,Crimson Town,Ireland,hall.emily23@mail.com,No
0942,Martinez,Betty,Gardenia Lane 386,Ash City,Ireland,martinez.betty36@mail.com,No
0943,Williams,Michelle,Silver Avenue 751,Marigold Town,Ireland,williams.michelle29@mail.com,No
0944,Hall,Michael,Hibiscus Lane 597,Freesia Bay,United Kingdom,hall.michael11@mail.com,Yes
0945,Green,Ashley,Tulip Avenue 729,Birch City,United Kingdom,green.ashley81@mail.com,Yes
0946,Martin,James,Walnut Road 298,Yellow Village,United Kingdom,martin.james91@mail.com,Yes
0947,Phillips,Robert,Ruby Street 217,Lavender Town,Ireland,phillips.robert82@mail.com,No
0948,Johnson,Joseph,Brown Street 104,Zinnia Bay,Ireland,johnson.joseph45@mail.com,Yes
0949,Turner,Deborah,Freesia Road 479,Marigold Town,United Kingdom,turner.deborah76@mail.com,No
0950,Green,Kenneth,Juniper Road 748,Alder Bottom,United Kingdom,green.kenneth39@mail.com,No
0951,Walker,Patricia,Poplar Lane 311,Camellia Bay,United Kingdom,walker.patricia94@mail.com,Yes
0952,Sanchez,George,Magnolia Road 596,Violet Bottom,Ireland,sanchez.george63@mail.com,Yes
0953,Mitchell,Michelle,Hornbeam Street 121,Beech Bottom,United Kingdom,mitchell.michelle43@mail.com,Yes
0954,Hill,Robert,Hibiscus Road 665,Orange Village,United Kingdom,hill.robert44@mail.com,Yes
0955,Martinez,Kenneth,Red Lane 264,Lilac Bay,United Kingdom,martinez.kenneth79@mail.com,Yes
0956,Hill,Lisa,Daisy Avenue 11,Purple City,United Kingdom,hill.lisa86@mail.com,Yes
0957,Clark,Paul,Tulip Lane 94,Begonia Bay,United Kingdom,clark.paul92@mail.com,Yes
0958,Smith,Barbara,Ash Avenue 476,Ruby Bay,Ireland,smith.barbara31@mail.com,No
0959,Sanchez,Thomas,Aspen Road 392,Birch Town,Ireland,sanchez.thomas12@mail.com,Yes
0960,King,Andrew,Ruby Street 400,Cyan Village,United Kingdom,king.andrew35@mail.com,Yes
0961,Carter,Kevin,Oak Road 306,Rowan Bottom,Ireland,carter.kevin17@mail.com,Yes
0962,Davis,Barbara,Ash Road 141,Yew City,Ireland,davis.barbara59@mail.com,Yes
0963,Nelson,Michael,Ruby Avenue 917,Blue Bay,Ireland,nelson.michael23@mail.com,No
0964,Davis,Edward,Cedar Avenue 732,Poplar City,United Kingdom,davis.edward47@mail.com,No
0965,Turner,Matthew,Oak Lane 180,Gold Bay,United Kingdom,turner.matthew98@mail.com,Yes
0966,White,George,Peony Road 182,Peony Town,United Kingdom,white.george12@mail.com,Yes
0967,Hill,Andrew,Gardenia Road 984,Camellia City,United Kingdom,hill.andrew71@mail.com,No
0968,Gonzalez,Kevin,Begonia Avenue 153,Violet Town,United Kingdom,gonzalez.kevin42@mail.com,Yes
0969,Walker,Mark,Bluebell Street 755,Rose City,Ireland,walker.mark44@mail.com,Yes
0970,Hill,Kenneth,Holly Avenue 413,Teal Town,United Kingdom,hill.kenneth51@mail.com,Yes
0971,Jackson,Daniel,Beige Road 124,Chrysanthemum City,United Kingdom,jackson.daniel63@mail.com,Yes
0972,Sanchez,Kimberly,Peony Lane 912,Marigold Town,United Kingdom,sanchez.kimberly22@mail.com,No
0973,Turner,Betty,Hawthorn Street 592,White Bay,Ireland,turner.betty68@mail.com,No
0974,Smith,Kimberly,Coral Avenue 24,Cherry Bottom,United Kingdom,smith.kimberly42@mail.com,No
0975,Davis,Barbara,Sapphire Street 525,Aspen Bay,United Kingdom,davis.barbara97@mail.com,Yes
0976,White,Mary,Orange Road 889,Ruby Village,United Kingdom,white.mary32@mail.com,No
0977,Johnson,Thomas,Orange Lane 58,Maroon City,Ireland,johnson.thomas44@mail.com,No
0978,Harris,Susan,Black Street 90,Zinnia Village,United Kingdom,harris.susan92@mail.com,Yes
0979,King,Emily,Begonia Road 778,Black Town,Ireland,king.emily81@mail.com,No
0980,Garcia,Stephanie,Elm Lane 793,Dogwood Town,Ireland,garcia.stephanie93@mail.com,Yes
0981,Walker,Ashley,Walnut Lane 397,Willow Village,United Kingdom,walker.ashley45@mail.com,Yes
0982,Robinson,Joseph,Beige Lane 358,Teal Bay,United Kingdom,robinson.joseph95@mail.com,Yes
0983,Brown,Joseph,Dahlia Lane 296,Sunflower Bay,United Kingdom,brown.joseph27@mail.com,Yes
0984,Gonzalez,Michelle,Sunflower Road 382,Hibiscus Bay,Ireland,gonzalez.michelle93@mail.com,Yes
0985,Thompson,Deborah,Snapdragon Street 780,Rose City,Ireland,thompson.deborah99@mail.com,Yes
0986,Allen,Margaret,Gardenia Lane 589,Gold Bottom,Ireland,allen.margaret93@mail.com,No
0987,Lewis,Lisa,Elder Street 53,Blue City,United Kingdom,lewis.lisa85@mail.com,Yes
0988,Hill,Brian,Beige Avenue 586,Orange City,United Kingdom,hill.brian15@mail.com,Yes
0989,Campbell,Deborah,Alder Road 682,Willow Town,Ireland,campbell.deborah36@mail.com,Yes
0990,Phillips,Ashley,Dogwood Street 17,Hibiscus City,Ireland,phillips.ashley92@mail.com,No
0991,Roberts,James,Lavender Avenue 708,Aspen Town,United Kingdom,roberts.james40@mail.com,No
0992,Brown,Christopher,Silver Lane 130,Jasmine Town,United Kingdom,brown.christopher29@mail.com,Yes
0993,Gonzalez,George,Red Lane 507,Indigo Bottom,United Kingdom,gonzalez.george62@mail.com,No
0994,Harris,John,Zinnia Lane 998,Marigold City,Ireland,harris.john46@mail.com,No
0995,Jackson,Susan,Teal Road 216,Azalea Bay,Ireland,jackson.susan40@mail.com,Yes
0996,Baker,Kimberly,Rowan Street 591,Lavender Village,Ireland,baker.kimberly70@mail.com,No
0997,Taylor,Sandra,Hickory Lane 204,Willow Bottom,United Kingdom,taylor.sandra20@mail.com,Yes
0998,Williams,John,Hazel Street 677,Camellia City,United Kingdom,williams.john18@mail.com,Yes
0999,Miller,Nancy,Sunflower Avenue 534,Azure Village,United Kingdom,miller.nancy21@mail.com,No
1000,Lee,Jessica,Rose Road 567,Lilac Village,United Kingdom,lee.jessica43@mail.com,No
1001,Adams,Melissa,Gardenia Avenue 772,Iris City,United Kingdom,adams.melissa19@mail.com,No
1002,Martinez,William,Violet Lane 970,Birch City,Ireland,martinez.william77@mail.com,No
1003,Anderson,Melissa,Hawthorn Road 581,Marigold Town,United Kingdom,anderson.melissa66@mail.com,Yes
1004,Turner,Christopher,White Street 184,Yellow Village,Ireland,turner.christopher31@mail.com,No
1005,Sanchez,Linda,Gold Avenue 851,Turquoise Village,United Kingdom,sanchez.linda72@mail.com,No
1006,Ramirez,Patricia,Orchid Road 531,Freesia Bottom,Ireland,ramirez.patricia39@mail.com,No
1007,Sanchez,Mark,Larch Road 448,Birch City,United Kingdom,sanchez.mark13@mail.com,No
1008,Nelson,Matthew,Indigo Street 952,Holly Town,United Kingdom,nelson.matthew95@mail.com,No
1009,Hernandez,Kimberly,Camellia Road 169,Freesia City,Ireland,hernandez.kimberly18@mail.com,Yes
1010,Hall,Susan,Orchid Avenue 359,Green City,Ireland,hall.susan11@mail.com,No
1011,Roberts,Patricia,Rose Avenue 959,Yellow Bay,Ireland,roberts.patricia22@mail.com,Yes
1012,Young,Lisa,Crimson Avenue 175,Peony Town,Ireland,young.lisa40@mail.com,No
1013,Sanchez,Richard,White Street 856,Yellow Bay,Ireland,sanchez.richard88@mail.com,No
1014,Harris,Andrew,Maple Street 865,Beech City,Ireland,harris.andrew25@mail.com,Yes
1015,Johnson,Lisa,Magenta Lane 638,Ruby Bay,United Kingdom,johnson.lisa64@mail.com,Yes
1016,Jones,Margaret,Elm Road 161,Oak Bottom,United Kingdom,jones.margaret57@mail.com,Yes
1017,Mitchell,Michael,Gardenia Road 324,Gardenia Town,Ireland,mitchell.michael16@mail.com,Yes
1018,Adams,Susan,Blue Road 42,Peony Bay,United Kingdom,adams.susan45@mail.com,Yes
1019,Roberts,Matthew,Hickory Lane 770,Crimson City,Ireland,roberts.matthew18@mail.com,No
1020,Hernandez,Mary,Rose Lane 266,Orange Bottom,Ireland,hernandez.mary98@mail.com,No
1021,Wilson,Carol,Orchid Lane 763,Cypress Village,United Kingdom,wilson.carol17@mail.com,Yes
1022,Lee,Paul,Dahlia Street 646,Hyacinth Village,Ireland,lee.paul79@mail.com,No
1023,Baker,Jennifer,Turquoise Lane 531,Lavender Town,Ireland,baker.jennifer28@mail.com,No
